<?xml version="1.0"?>
<Experiment version="2.0">
	<SpatialQuery type="kd-tree" test_visibility="false" />
	
	<OpenSteer max_force="8" leak_through="0.1" reaction_time="0.5" />
    <Common time_step="0.1" />
    <GCF reaction_time="0.5" max_agent_dist="2" max_agent_force="3" agent_interp_width="0.1" agent_force_strength="0.35" />
    <Helbing agent_scale="2000" obstacle_scale="4000" reaction_time="0.5" body_force="1200" friction="2400" force_distance="0.015" />
    <Johansson agent_scale="25" obstacle_scale="35" reaction_time="0.5" force_distance="0.15" stride_time="0.5" />
    <Karamouzas orient_weight="0.8" fov="200" reaction_time="0.4" wall_steepness="2" wall_distance="2" colliding_count="5" d_min="1" d_mid="8" d_max="10" agent_force="4" />
    <Zanlungo agent_scale="2000" obstacle_scale="4000" reaction_time="0.5" force_distance="0.005" />
	<Dummy stddev="1.0" />

    <AgentProfile name="group1" >
		<OpenSteer tau="3" tauObst="6" />
        <Common max_angle_vel="180" max_neighbors="10" obstacleSet="1" neighbor_dist="5" r="0.19" class="1" pref_speed="1.04" max_speed="2" max_accel="5" />
		<PedVO factor="1.57" buffer="0.9" tau="3" tauObst="0.1" turningBias="1.0" />
        <GCF stand_depth="0.18" move_scale="0.53" slow_width="0.25" sway_change="0.05" />
        <Helbing mass="80" />
        <Johansson fov_weight="0.16" />
        <Karamouzas personal_space="0.69" anticipation="8" />
        <ORCA tau="3" tauObst="0.15" />
        <Zanlungo mass="80" orient_weight="0.75" />
	</AgentProfile>

	<AgentGroup>
        <ProfileSelector type="const" name="group1" />
		<StateSelector type="const" name="Walk" />
		<Generator type="explicit">
			<Agent p_x="22.3" p_y="-12.375" />
			<Agent p_x="22.6625" p_y="-16.98125" />
			<Agent p_x="22.03125" p_y="-10.46875" />
			<Agent p_x="20.36875" p_y="-12.5125" />
			<Agent p_x="21.5875" p_y="-17.7" />
			<Agent p_x="22.68125" p_y="-13.93125" />
			<Agent p_x="23.06875" p_y="-7.48125" />
			<Agent p_x="17.26875" p_y="-12.71875" />
			<Agent p_x="21.94375" p_y="-5.825" />
			<Agent p_x="22.28125" p_y="-3.93125" />
			<Agent p_x="23.04375" p_y="-4.49375" />
			<Agent p_x="21.725" p_y="-7.61875" />
			<Agent p_x="14.175" p_y="-3.375" />
			<Agent p_x="22.84375" p_y="-15.48125" />
			<Agent p_x="14.79375" p_y="-4.20625" />
			<Agent p_x="21.2375" p_y="-16.38125" />
			<Agent p_x="21.90625" p_y="-1.55625" />
			<Agent p_x="19.125" p_y="-12.475" />
			<Agent p_x="21.76875" p_y="-15.2" />
			<Agent p_x="22.16875" p_y="-8.75" />
			<Agent p_x="10.575" p_y="-4.075" />
			<Agent p_x="21.45625" p_y="-13.18125" />
			<Agent p_x="12.5625" p_y="-3.51875" />
			<Agent p_x="11.35625" p_y="-5.14375" />
			<Agent p_x="22.08125" p_y="-3.1125" />
			<Agent p_x="15.8875" p_y="-4.38125" />
			<Agent p_x="18.75625" p_y="-4.31875" />
			<Agent p_x="20.39375" p_y="-3.53125" />
			<Agent p_x="20.86875" p_y="-4.76875" />
			<Agent p_x="22.64375" p_y="-2.2625" />
			<Agent p_x="23.00625" p_y="-6.19375" />
			<Agent p_x="22.23125" p_y="-16.1625" />
			<Agent p_x="21.48125" p_y="-14.46875" />
			<Agent p_x="20.175" p_y="-13.28125" />
			<Agent p_x="18.51875" p_y="-13.24375" />
			<Agent p_x="13.75" p_y="-3.9875" />
			<Agent p_x="17.2625" p_y="-4.5" />
			<Agent p_x="19.825" p_y="-4.5" />
			<Agent p_x="21.44375" p_y="-3.9125" />
			<Agent p_x="22.3875" p_y="-5.13125" />
			<Agent p_x="22.3125" p_y="-7.06875" />
			<Agent p_x="22.94375" p_y="-9.475" />
			<Agent p_x="22.8625" p_y="-11.2125" />
			<Agent p_x="0.7125" p_y="30.3125" />
			<Agent p_x="1.74375" p_y="29.85625" />
			<Agent p_x="2.84375" p_y="30.7625" />
			<Agent p_x="2.84375" p_y="29.2125" />
			<Agent p_x="0.90625" p_y="28.7625" />
			<Agent p_x="-0.51875" p_y="29.85625" />
			<Agent p_x="-0.8375" p_y="27.98125" />
			<Agent p_x="-0.8375" p_y="28.95625" />
			<Agent p_x="-1.74375" p_y="27.91875" />
			<Agent p_x="-2.7125" p_y="28.63125" />
			<Agent p_x="-2.78125" p_y="29.925" />
			<Agent p_x="-1.4875" p_y="30.89375" />
			<Agent p_x="-4.525" p_y="29.6625" />
			<Agent p_x="-4.975" p_y="28.69375" />
			<Agent p_x="-6.725" p_y="28.69375" />
			<Agent p_x="-7.04375" p_y="29.38125" />
			<Agent p_x="-2.2" p_y="7.23125" />
			<Agent p_x="-2.90625" p_y="12.6625" />
			<Agent p_x="-1.8125" p_y="15.05625" />
			<Agent p_x="12.3" p_y="-1.9" />
			<Agent p_x="9.2875" p_y="-3.625" />
			<Agent p_x="13.575" p_y="-2.38125" />
			<Agent p_x="12.775" p_y="-0.7875" />
			<Agent p_x="11.1125" p_y="-3.1375" />
			<Agent p_x="5.44375" p_y="5.3" />
			<Agent p_x="-2.575" p_y="15.05625" />
			<Agent p_x="-3.2" p_y="16.13125" />
			<Agent p_x="-4.0375" p_y="16.9" />
			<Agent p_x="-4.90625" p_y="18.7125" />
			<Agent p_x="-3.96875" p_y="17.7" />
			<Agent p_x="-3.725" p_y="19.71875" />
			<Agent p_x="-3.1" p_y="18.675" />
			<Agent p_x="-3.5875" p_y="20.73125" />
			<Agent p_x="-2.6125" p_y="20.55625" />
			<Agent p_x="-2.225" p_y="21.84375" />
			<Agent p_x="-2.85625" p_y="22.3625" />
			<Agent p_x="-1.4625" p_y="23.75625" />
			<Agent p_x="-2.05625" p_y="25.08125" />
			<Agent p_x="-1.18125" p_y="26.19375" />
			<Agent p_x="-2.125" p_y="26.8875" />
			<Agent p_x="-3.65625" p_y="27.725" />
			<Agent p_x="-3.8625" p_y="28.6625" />
			<Agent p_x="-5.91875" p_y="27.7625" />
			<Agent p_x="-2.19375" p_y="19.3" />
			<Agent p_x="-2.125" p_y="18.225" />
			<Agent p_x="-1.66875" p_y="16.2375" />
			<Agent p_x="-1.53125" p_y="17.49375" />
			<Agent p_x="-0.59375" p_y="16.79375" />
			<Agent p_x="-0.45" p_y="18.05" />
			<Agent p_x="-1.21875" p_y="19.36875" />
			<Agent p_x="-1.775" p_y="20.5875" />
			<Agent p_x="-1.4625" p_y="21.6" />
			<Agent p_x="-0.28125" p_y="19.025" />
			<Agent p_x="0.35" p_y="17.075" />
			<Agent p_x="1.39375" p_y="18.15" />
			<Agent p_x="0.8375" p_y="19.23125" />
			<Agent p_x="2.6125" p_y="19.23125" />
			<Agent p_x="2.36875" p_y="17.8375" />
			<Agent p_x="3.61875" p_y="17.0375" />
			<Agent p_x="3.55" p_y="18.25625" />
			<Agent p_x="4.31875" p_y="19.26875" />
			<Agent p_x="4.975" p_y="18.225" />
			<Agent p_x="4.59375" p_y="17.14375" />
			<Agent p_x="6.09375" p_y="17.25" />
			<Agent p_x="5.88125" p_y="18.60625" />
			<Agent p_x="5.1875" p_y="19.40625" />
			<Agent p_x="5.15" p_y="20.69375" />
			<Agent p_x="6.025" p_y="20.06875" />
			<Agent p_x="6.475" p_y="21.04375" />
			<Agent p_x="5.05" p_y="22.3625" />
			<Agent p_x="5.5375" p_y="23.09375" />
			<Agent p_x="6.26875" p_y="22.78125" />
			<Agent p_x="6.26875" p_y="24.24375" />
			<Agent p_x="6.71875" p_y="25.70625" />
			<Agent p_x="5.39375" p_y="24.6625" />
			<Agent p_x="4.45625" p_y="25.1125" />
			<Agent p_x="5.325" p_y="25.70625" />
			<Agent p_x="6.09375" p_y="26.33125" />
			<Agent p_x="4.94375" p_y="26.9625" />
			<Agent p_x="4.4875" p_y="26.2625" />
			<Agent p_x="3.7625" p_y="26.99375" />
			<Agent p_x="2.925" p_y="27.61875" />
			<Agent p_x="1.70625" p_y="27.96875" />
			<Agent p_x="0.4875" p_y="27.9375" />
			<Agent p_x="3.9" p_y="28.3875" />
			<Agent p_x="4.28125" p_y="27.69375" />
			<Agent p_x="6.23125" p_y="27.65625" />
			<Agent p_x="5.74375" p_y="27.13125" />
			<Agent p_x="5.325" p_y="28.35" />
			<Agent p_x="4.25" p_y="29.08125" />
			<Agent p_x="3.8625" p_y="29.88125" />
			<Agent p_x="4.41875" p_y="30.54375" />
			<Agent p_x="3.48125" p_y="31.5875" />
			<Agent p_x="2.2625" p_y="31.5875" />
			<Agent p_x="1.0125" p_y="31.4125" />
			<Agent p_x="-0.76875" p_y="32.14375" />
			<Agent p_x="5.08125" p_y="32.04375" />
			<Agent p_x="5.39375" p_y="30.93125" />
			<Agent p_x="6.125" p_y="29.95625" />
			<Agent p_x="5.39375" p_y="29.95625" />
			<Agent p_x="6.1625" p_y="29.0125" />
			<Agent p_x="8.04375" p_y="29.43125" />
			<Agent p_x="12.4625" p_y="29.225" />
			<Agent p_x="11.525" p_y="29.46875" />
			<Agent p_x="10.825" p_y="29.08125" />
			<Agent p_x="6.025" p_y="31.4125" />
			<Agent p_x="12.425" p_y="27.61875" />
			<Agent p_x="14.2375" p_y="27.61875" />
			<Agent p_x="13.54375" p_y="26.99375" />
			<Agent p_x="12.775" p_y="28.3875" />
			<Agent p_x="12.4625" p_y="26.575" />
			<Agent p_x="13.6125" p_y="25.8125" />
			<Agent p_x="14.8625" p_y="26.4375" />
			<Agent p_x="16.56875" p_y="25.74375" />
			<Agent p_x="14.275" p_y="24.94375" />
			<Agent p_x="13.95625" p_y="23.825" />
			<Agent p_x="14.61875" p_y="23.30625" />
			<Agent p_x="13.7875" p_y="22.5375" />
			<Agent p_x="22.51875" p_y="0.65625" />
			<Agent p_x="13.7125" p_y="21.49375" />
			<Agent p_x="14.9" p_y="20.24375" />
			<Agent p_x="14.34375" p_y="19.44375" />
			<Agent p_x="13.7125" p_y="20.03125" />
			<Agent p_x="13.125" p_y="17.98125" />
			<Agent p_x="11.6625" p_y="17.98125" />
			<Agent p_x="10.0625" p_y="18.5375" />
			<Agent p_x="9.15625" p_y="17.175" />
			<Agent p_x="7.8" p_y="16.9375" />
			<Agent p_x="7.03125" p_y="18.0125" />
			<Agent p_x="8.66875" p_y="18.325" />
			<Agent p_x="10.5125" p_y="17.10625" />
			<Agent p_x="11.90625" p_y="16.48125" />
			<Agent p_x="12.56875" p_y="17.14375" />
			<Agent p_x="13.68125" p_y="16.13125" />
			<Agent p_x="14.0625" p_y="17.25" />
			<Agent p_x="14.6875" p_y="16.34375" />
			<Agent p_x="14.96875" p_y="17.5625" />
			<Agent p_x="12.66875" p_y="14.35625" />
			<Agent p_x="12.6" p_y="15.6125" />
			<Agent p_x="13.46875" p_y="14.775" />
			<Agent p_x="11.8" p_y="14.8125" />
			<Agent p_x="6.825" p_y="15.33125" />
			<Agent p_x="6.65" p_y="16.61875" />
			<Agent p_x="7.51875" p_y="15.3" />
			<Agent p_x="7.16875" p_y="13.90625" />
			<Agent p_x="5.88125" p_y="13.86875" />
			<Agent p_x="5.88125" p_y="15.6125" />
			<Agent p_x="5.325" p_y="14.70625" />
			<Agent p_x="6.825" p_y="12.2" />
			<Agent p_x="5.6375" p_y="12.26875" />
			<Agent p_x="5.21875" p_y="13.2125" />
			<Agent p_x="7.55625" p_y="11.8875" />
			<Agent p_x="7.5875" p_y="13.3125" />
			<Agent p_x="6.26875" p_y="10.84375" />
			<Agent p_x="5.5375" p_y="11.3625" />
			<Agent p_x="4.10625" p_y="10.70625" />
			<Agent p_x="2.99375" p_y="9.625" />
			<Agent p_x="4.10625" p_y="9.24375" />
			<Agent p_x="2.05625" p_y="8.9625" />
			<Agent p_x="2.15625" p_y="10.2875" />
			<Agent p_x="1.08125" p_y="9.65625" />
			<Agent p_x="-0.0375" p_y="8.925" />
			<Agent p_x="-1.15" p_y="9.9" />
			<Agent p_x="-1.66875" p_y="8.89375" />
			<Agent p_x="-2.19375" p_y="9.7625" />
			<Agent p_x="-2.7125" p_y="11.0875" />
			<Agent p_x="7.96875" p_y="9.5875" />
			<Agent p_x="7.0" p_y="8.825" />
			<Agent p_x="5.56875" p_y="8.75625" />
			<Agent p_x="5.325" p_y="9.7625" />
			<Agent p_x="9.3625" p_y="9.51875" />
			<Agent p_x="8.84375" p_y="10.1125" />
			<Agent p_x="7.38125" p_y="10.53125" />
			<Agent p_x="8.66875" p_y="9.03125" />
			<Agent p_x="10.75625" p_y="9.3125" />
			<Agent p_x="10.26875" p_y="10.075" />
			<Agent p_x="11.9375" p_y="10.2875" />
			<Agent p_x="12.25625" p_y="9.38125" />
			<Agent p_x="13.15625" p_y="11.3625" />
			<Agent p_x="12.0125" p_y="11.8875" />
			<Agent p_x="11.86875" p_y="13.175" />
			<Agent p_x="12.9125" p_y="12.96875" />
			<Agent p_x="14.34375" p_y="11.60625" />
			<Agent p_x="13.575" p_y="10.1125" />
			<Agent p_x="14.61875" p_y="10.425" />
			<Agent p_x="16.60625" p_y="10.35625" />
			<Agent p_x="15.76875" p_y="11.75" />
			<Agent p_x="15.7" p_y="10.98125" />
			<Agent p_x="14.65625" p_y="9.38125" />
			<Agent p_x="13.85625" p_y="7.91875" />
			<Agent p_x="12.6375" p_y="7.91875" />
			<Agent p_x="15.45625" p_y="15.575" />
			<Agent p_x="17.26875" p_y="15.7875" />
			<Agent p_x="19.53125" p_y="16.275" />
			<Agent p_x="20.50625" p_y="17.8375" />
			<Agent p_x="19.04375" p_y="18.25625" />
			<Agent p_x="19.9125" p_y="19.26875" />
			<Agent p_x="21.71875" p_y="18.6375" />
			<Agent p_x="21.30625" p_y="20.0" />
			<Agent p_x="19.00625" p_y="20.55625" />
			<Agent p_x="23.1125" p_y="20.86875" />
			<Agent p_x="23.66875" p_y="21.49375" />
			<Agent p_x="23.08125" p_y="24.0" />
			<Agent p_x="22.76875" p_y="23.30625" />
			<Agent p_x="21.71875" p_y="16.9375" />
			<Agent p_x="20.15625" p_y="15.01875" />
			<Agent p_x="19.35625" p_y="14.6375" />
			<Agent p_x="19.3875" p_y="12.61875" />
			<Agent p_x="20.3" p_y="12.61875" />
			<Agent p_x="20.3" p_y="13.525" />
			<Agent p_x="19.775" p_y="10.95" />
			<Agent p_x="17.68125" p_y="11.5375" />
			<Agent p_x="18.03125" p_y="10.4625" />
			<Agent p_x="18.625" p_y="11.5375" />
			<Agent p_x="19.31875" p_y="10.075" />
			<Agent p_x="19.2875" p_y="8.54375" />
			<Agent p_x="20.2625" p_y="8.7875" />
			<Agent p_x="20.4" p_y="10.1125" />
			<Agent p_x="21.13125" p_y="9.45" />
			<Agent p_x="22.3125" p_y="9.7625" />
			<Agent p_x="22.06875" p_y="7.7125" />
			<Agent p_x="20.75" p_y="7.60625" />
			<Agent p_x="21.79375" p_y="8.5125" />
			<Agent p_x="23.325" p_y="9.4875" />
			<Agent p_x="23.56875" p_y="8.1625" />
			<Agent p_x="24.68125" p_y="8.89375" />
			<Agent p_x="24.7125" p_y="9.9" />
			<Agent p_x="25.61875" p_y="8.6875" />
			<Agent p_x="24.4375" p_y="6.6625" />
			<Agent p_x="23.1125" p_y="6.0375" />
			<Agent p_x="24.54375" p_y="7.60625" />
			<Agent p_x="21.8625" p_y="6.5625" />
			<Agent p_x="20.81875" p_y="5.03125" />
			<Agent p_x="20.225" p_y="6.41875" />
			<Agent p_x="19.7375" p_y="7.3625" />
			<Agent p_x="19.3875" p_y="5.5875" />
			<Agent p_x="20.1875" p_y="3.84375" />
			<Agent p_x="19.3875" p_y="2.59375" />
			<Agent p_x="17.68125" p_y="1.6875" />
			<Agent p_x="19.18125" p_y="1.6875" />
			<Agent p_x="20.675" p_y="1.8625" />
			<Agent p_x="21.26875" p_y="3.21875" />
			<Agent p_x="22.24375" p_y="2.24375" />
			<Agent p_x="22.35" p_y="4.575" />
			<Agent p_x="24.05625" p_y="1.6875" />
			<Agent p_x="25.13125" p_y="2.4875" />
			<Agent p_x="25.13125" p_y="4.475" />
			<Agent p_x="23.0125" p_y="3.2875" />
			<Agent p_x="15.25" p_y="2.10625" />
			<Agent p_x="16.675" p_y="1.13125" />
			<Agent p_x="13.15625" p_y="1.13125" />
			<Agent p_x="13.85625" p_y="2.2125" />
			<Agent p_x="14.65625" p_y="1.3375" />
			<Agent p_x="14.275" p_y="3.35625" />
			<Agent p_x="14.275" p_y="5.45" />
			<Agent p_x="14.61875" p_y="6.94375" />
			<Agent p_x="13.225" p_y="6.49375" />
			<Agent p_x="13.01875" p_y="4.4" />
			<Agent p_x="12.4625" p_y="2.8375" />
			<Agent p_x="11.06875" p_y="1.75625" />
			<Agent p_x="8.94375" p_y="1.75625" />
			<Agent p_x="9.5375" p_y="2.3125" />
			<Agent p_x="7.06875" p_y="2.73125" />
			<Agent p_x="7.625" p_y="1.2375" />
			<Agent p_x="6.5125" p_y="1.40625" />
			<Agent p_x="5.5375" p_y="3.25625" />
			<Agent p_x="6.68125" p_y="4.475" />
			<Agent p_x="6.71875" p_y="5.9375" />
			<Agent p_x="5.60625" p_y="6.94375" />
			<Agent p_x="4.075" p_y="2.73125" />
			<Agent p_x="4.7" p_y="1.3375" />
			<Agent p_x="2.0875" p_y="1.79375" />
			<Agent p_x="2.95625" p_y="3.1125" />
			<Agent p_x="0.86875" p_y="2.3125" />
			<Agent p_x="0.0" p_y="3.08125" />
			<Agent p_x="-0.9375" p_y="1.30625" />
			<Agent p_x="-0.86875" p_y="2.59375" />
			<Agent p_x="5.7375" p_y="-1.35625" />
			<Agent p_x="5.5625" p_y="0.325" />
			<Agent p_x="4.65625" p_y="-1.5375" />
			<Agent p_x="8.025" p_y="-2.925" />
			<Agent p_x="12.2875" p_y="-2.60625" />
			<Agent p_x="5.5" p_y="-2.84375" />
			<Agent p_x="13.41875" p_y="8.98125" />
			<Agent p_x="13.775" p_y="7.0875" />
			<Agent p_x="12.7125" p_y="5.86875" />
			<Agent p_x="7.775" p_y="8.19375" />
			<Agent p_x="6.95" p_y="7.68125" />
			<Agent p_x="6.275" p_y="5.39375" />
			<Agent p_x="7.89375" p_y="3.18125" />
			<Agent p_x="6.08125" p_y="2.59375" />
			<Agent p_x="3.28125" p_y="1.725" />
			<Agent p_x="3.11875" p_y="8.66875" />
			<Agent p_x="1.58125" p_y="16.99375" />
			<Agent p_x="9.75" p_y="16.51875" />
			<Agent p_x="5.6875" p_y="21.69375" />
			<Agent p_x="14.2875" p_y="18.25625" />
			<Agent p_x="10.5375" p_y="17.9" />
			<Agent p_x="16.575" p_y="2.2375" />
			<Agent p_x="12.2" p_y="1.68125" />
			<Agent p_x="21.46875" p_y="1.2875" />
			<Agent p_x="21.63125" p_y="5.43125" />
			<Agent p_x="24.19375" p_y="5.11875" />
			<Agent p_x="23.44375" p_y="7.16875" />
			<Agent p_x="19.3375" p_y="13.5625" />
			<Agent p_x="20.36875" p_y="16.40625" />
			<Agent p_x="19.65625" p_y="17.70625" />
			<Agent p_x="17.2875" p_y="20.43125" />
			<Agent p_x="14.44375" p_y="21.69375" />
			<Agent p_x="13.61875" p_y="12.69375" />
			<Agent p_x="14.25" p_y="4.325" />
			<Agent p_x="13.41875" p_y="3.34375" />
			<Agent p_x="8.2125" p_y="2.3125" />
			<Agent p_x="6.475" p_y="9.575" />
			<Agent p_x="12.59375" p_y="10.64375" />
			<Agent p_x="21.3125" p_y="17.8625" />
			<Agent p_x="20.64375" p_y="19.0875" />
			<Agent p_x="20.4875" p_y="20.26875" />
			<Agent p_x="19.89375" p_y="18.53125" />
			<Agent p_x="16.10625" p_y="20.46875" />
			<Agent p_x="15.59375" p_y="25.9125" />
			<Agent p_x="9.55" p_y="29.46875" />
			<Agent p_x="5.4875" p_y="16.5625" />
			<Agent p_x="12.55" p_y="18.41875" />
			<Agent p_x="0.675" p_y="1.40625" />
			<Agent p_x="1.81875" p_y="2.86875" />
			<Agent p_x="7.34375" p_y="1.91875" />
			<Agent p_x="7.5375" p_y="4.25" />
			<Agent p_x="6.4375" p_y="3.34375" />
			<Agent p_x="6.2" p_y="7.95625" />
			<Agent p_x="12.3125" p_y="6.65625" />
			<Agent p_x="12.94375" p_y="2.275" />
			<Agent p_x="23.2875" p_y="1.91875" />
			<Agent p_x="-2.65" p_y="17.4125" />
			<Agent p_x="-2.49375" p_y="16.425" />
			<Agent p_x="-3.04375" p_y="14.01875" />
			<Agent p_x="-2.45" p_y="23.525" />
			<Agent p_x="-1.54375" p_y="22.775" />
			<Agent p_x="-2.76875" p_y="27.7125" />
			<Agent p_x="-6.1625" p_y="29.84375" />
			<Agent p_x="-4.6625" p_y="27.83125" />
			<Agent p_x="-3.125" p_y="11.84375" />
			<Agent p_x="-2.33125" p_y="14.29375" />
			<Agent p_x="-2.325" p_y="3.1625" />
			<Agent p_x="-9.5" p_y="29.25" />
			<Agent p_x="-12.54375" p_y="29.05625" />
			<Agent p_x="-10.34375" p_y="28.1125" />
			<Agent p_x="-10.6" p_y="26.43125" />
			<Agent p_x="-9.63125" p_y="25.525" />
			<Agent p_x="-9.825" p_y="23.06875" />
			<Agent p_x="-8.9875" p_y="22.29375" />
			<Agent p_x="-16.6125" p_y="29.25" />
			<Agent p_x="-21.94375" p_y="30.38125" />
			<Agent p_x="-22.04375" p_y="18.2875" />
			<Agent p_x="-8.53125" p_y="11.825" />
			<Agent p_x="-7.43125" p_y="10.65625" />
			<Agent p_x="-9.24375" p_y="10.14375" />
			<Agent p_x="-12.15625" p_y="9.625" />
			<Agent p_x="-24.8875" p_y="8.26875" />
			<Agent p_x="-23.59375" p_y="6.39375" />
			<Agent p_x="-15.58125" p_y="7.3" />
			<Agent p_x="-13.575" p_y="8.4625" />
			<Agent p_x="-15.25625" p_y="4.90625" />
			<Agent p_x="-17.2625" p_y="3.41875" />
			<Agent p_x="-19.8375" p_y="3.1625" />
			<Agent p_x="-21.85" p_y="3.03125" />
			<Agent p_x="-22.175" p_y="5.1" />
			<Agent p_x="-23.0125" p_y="1.54375" />
			<Agent p_x="-20.43125" p_y="1.09375" />
			<Agent p_x="-20.625" p_y="2.45" />
			<Agent p_x="-17.58125" p_y="1.54375" />
			<Agent p_x="-15.19375" p_y="2.45" />
			<Agent p_x="-13.83125" p_y="1.09375" />
			<Agent p_x="-11.6375" p_y="2.31875" />
			<Agent p_x="-11.18125" p_y="1.2875" />
			<Agent p_x="-7.75625" p_y="3.48125" />
			<Agent p_x="-8.53125" p_y="5.29375" />
			<Agent p_x="-7.825" p_y="8.78125" />
			<Agent p_x="-5.43125" p_y="9.2375" />
			<Agent p_x="-3.16875" p_y="9.81875" />
			<Agent p_x="-2.975" p_y="6.13125" />
			<Agent p_x="-4.5875" p_y="2.1875" />
			<Agent p_x="-3.0375" p_y="8.39375" />
			<Agent p_x="-3.2625" p_y="4.54375" />
			<Agent p_x="-3.7125" p_y="3.30625" />
			<Agent p_x="-4.94375" p_y="3.30625" />
			<Agent p_x="-5.73125" p_y="2.8125" />
			<Agent p_x="-6.425" p_y="3.0625" />
			<Agent p_x="-6.66875" p_y="2.46875" />
			<Agent p_x="-7.70625" p_y="2.61875" />
			<Agent p_x="-8.59375" p_y="2.9125" />
			<Agent p_x="-8.55" p_y="4.1" />
			<Agent p_x="-7.80625" p_y="4.7875" />
			<Agent p_x="-7.65625" p_y="6.56875" />
			<Agent p_x="-8.55" p_y="7.10625" />
			<Agent p_x="-8.55" p_y="8.0" />
			<Agent p_x="-9.04375" p_y="8.6375" />
			<Agent p_x="-8.25" p_y="9.925" />
			<Agent p_x="-6.71875" p_y="9.675" />
			<Agent p_x="-6.13125" p_y="10.08125" />
			<Agent p_x="-8.35" p_y="10.95625" />
			<Agent p_x="-9.4375" p_y="9.33125" />
			<Agent p_x="-10.51875" p_y="9.13125" />
			<Agent p_x="-10.425" p_y="9.875" />
			<Agent p_x="-12.49375" p_y="8.8875" />
			<Agent p_x="-13.83125" p_y="10.38125" />
			<Agent p_x="-14.71875" p_y="8.5875" />
			<Agent p_x="-16.0" p_y="8.5875" />
			<Agent p_x="-19.70625" p_y="9.43125" />
			<Agent p_x="-21.925" p_y="8.5375" />
			<Agent p_x="-23.1125" p_y="8.14375" />
			<Agent p_x="-23.85" p_y="8.7375" />
			<Agent p_x="-22.28125" p_y="17.2125" />
			<Agent p_x="-15.65625" p_y="17.325" />
			<Agent p_x="-20.8375" p_y="22.95625" />
			<Agent p_x="-17.61875" p_y="29.54375" />
			<Agent p_x="-17.79375" p_y="27.68125" />
			<Agent p_x="-16.13125" p_y="26.625" />
			<Agent p_x="-21.31875" p_y="24.95625" />
			<Agent p_x="-23.65" p_y="24.5375" />
			<Agent p_x="-22.76875" p_y="25.1" />
			<Agent p_x="-23.53125" p_y="25.825" />
			<Agent p_x="-23.6" p_y="27.0" />
			<Agent p_x="-22.06875" p_y="26.6625" />
			<Agent p_x="-21.075" p_y="27.7" />
			<Agent p_x="-23.91875" p_y="28.06875" />
			<Agent p_x="-23.4875" p_y="28.6875" />
			<Agent p_x="-22.66875" p_y="28.83125" />
			<Agent p_x="-21.8125" p_y="28.75625" />
			<Agent p_x="-21.15" p_y="29.24375" />
			<Agent p_x="-21.90625" p_y="29.5875" />
			<Agent p_x="-20.1875" p_y="29.4125" />
			<Agent p_x="-19.0875" p_y="29.6625" />
			<Agent p_x="-15.3375" p_y="29.575" />
			<Agent p_x="-15.2875" p_y="28.975" />
			<Agent p_x="-15.2375" p_y="27.1625" />
			<Agent p_x="-15.2875" p_y="25.075" />
			<Agent p_x="-14.1875" p_y="28.4625" />
			<Agent p_x="-13.15625" p_y="29.66875" />
			<Agent p_x="-11.725" p_y="29.8" />
			<Agent p_x="-12.66875" p_y="28.2875" />
			<Agent p_x="-10.875" p_y="28.60625" />
			<Agent p_x="-10.73125" p_y="29.78125" />
			<Agent p_x="-8.64375" p_y="29.89375" />
			<Agent p_x="-9.1625" p_y="28.4125" />
			<Agent p_x="-10.16875" p_y="27.2625" />
			<Agent p_x="-11.4375" p_y="25.15" />
			<Agent p_x="-11.5375" p_y="22.38125" />
			<Agent p_x="-10.80625" p_y="23.60625" />
			<Agent p_x="-9.91875" p_y="23.925" />
			<Agent p_x="-9.45625" p_y="26.94375" />
			<Agent p_x="-19.31875" p_y="28.45625" />
			<Agent p_x="-23.6" p_y="22.55625" />
			<Agent p_x="-23.6" p_y="21.25625" />
			<Agent p_x="-22.51875" p_y="20.025" />
			<Agent p_x="-22.4" p_y="21.45" />
			<Agent p_x="-23.53125" p_y="19.275" />
			<Agent p_x="-21.275" p_y="18.63125" />
			<Agent p_x="-23.65" p_y="17.43125" />
			<Agent p_x="-23.65" p_y="16.43125" />
			<Agent p_x="-21.16875" p_y="16.5875" />
			<Agent p_x="-19.7625" p_y="18.74375" />
			<Agent p_x="-20.3" p_y="17.8625" />
			<Agent p_x="-19.06875" p_y="17.15625" />
			<Agent p_x="-18.05625" p_y="18.6875" />
			<Agent p_x="-16.5125" p_y="18.89375" />
			<Agent p_x="-17.78125" p_y="20.11875" />
			<Agent p_x="-17.775" p_y="21.84375" />
			<Agent p_x="-18.525" p_y="23.1375" />
			<Agent p_x="-19.68125" p_y="22.65625" />
			<Agent p_x="-20.7625" p_y="23.94375" />
			<Agent p_x="-22.5375" p_y="23.875" />
			<Agent p_x="-22.13125" p_y="22.63125" />
			<Agent p_x="-16.5125" p_y="22.5" />
			<Agent p_x="-17.3875" p_y="23.70625" />
			<Agent p_x="-15.60625" p_y="23.2375" />
			<Agent p_x="-19.38125" p_y="24.05" />
			<Agent p_x="-16.44375" p_y="27.525" />
			<Agent p_x="-18.18125" p_y="24.8375" />
			<Agent p_x="-17.60625" p_y="25.5" />
			<Agent p_x="-13.85" p_y="24.45625" />
			<Agent p_x="-13.08125" p_y="23.55625" />
			<Agent p_x="-11.51875" p_y="27.24375" />
			<Agent p_x="-12.775" p_y="24.225" />
			<Agent p_x="-12.29375" p_y="22.9125" />
			<Agent p_x="-14.19375" p_y="29.68125" />
			<Agent p_x="-17.81875" p_y="28.7" />
			<Agent p_x="-22.7" p_y="27.78125" />
			<Agent p_x="-22.55" p_y="30.15625" />
			<Agent p_x="-22.7625" p_y="15.84375" />
			<Agent p_x="-23.73125" p_y="14.45" />
			<Agent p_x="-22.76875" p_y="14.36875" />
			<Agent p_x="-21.6" p_y="14.475" />
			<Agent p_x="-21.5625" p_y="12.925" />
			<Agent p_x="-22.76875" p_y="12.71875" />
			<Agent p_x="-21.44375" p_y="11.35625" />
			<Agent p_x="-22.84375" p_y="11.4375" />
			<Agent p_x="-23.6125" p_y="10.525" />
			<Agent p_x="-22.7625" p_y="9.93125" />
			<Agent p_x="-20.6375" p_y="10.275" />
			<Agent p_x="-18.75" p_y="10.2" />
			<Agent p_x="-20.55" p_y="9.1375" />
			<Agent p_x="-19.2875" p_y="8.50625" />
			<Agent p_x="-17.5375" p_y="9.46875" />
			<Agent p_x="-16.30625" p_y="10.15" />
			<Agent p_x="-16.1875" p_y="11.00625" />
			<Agent p_x="-15.45" p_y="11.90625" />
			<Agent p_x="-14.26875" p_y="13.05625" />
			<Agent p_x="-14.45625" p_y="14.49375" />
			<Agent p_x="-15.15625" p_y="14.2125" />
			<Agent p_x="-14.33125" p_y="15.6125" />
			<Agent p_x="-15.16875" p_y="16.3" />
			<Agent p_x="-17.2" p_y="17.2625" />
			<Agent p_x="-15.48125" p_y="18.0375" />
			<Agent p_x="-14.325" p_y="17.23125" />
			<Agent p_x="-13.93125" p_y="18.31875" />
			<Agent p_x="-12.24375" p_y="16.7875" />
			<Agent p_x="-12.6875" p_y="18.10625" />
			<Agent p_x="-12.3125" p_y="19.09375" />
			<Agent p_x="-11.55625" p_y="18.13125" />
			<Agent p_x="-11.50625" p_y="20.95" />
			<Agent p_x="-11.03125" p_y="19.19375" />
			<Agent p_x="-10.49375" p_y="17.53125" />
			<Agent p_x="-11.24375" p_y="16.55625" />
			<Agent p_x="-10.18125" p_y="18.25625" />
			<Agent p_x="-10.26875" p_y="19.20625" />
			<Agent p_x="-10.50625" p_y="20.24375" />
			<Agent p_x="-10.10625" p_y="21.7625" />
			<Agent p_x="-9.70625" p_y="19.98125" />
			<Agent p_x="-9.13125" p_y="20.78125" />
			<Agent p_x="-9.58125" p_y="16.64375" />
			<Agent p_x="-8.93125" p_y="17.50625" />
			<Agent p_x="-8.75625" p_y="18.89375" />
			<Agent p_x="-8.46875" p_y="19.90625" />
			<Agent p_x="-7.76875" p_y="18.06875" />
			<Agent p_x="-7.55625" p_y="17.29375" />
			<Agent p_x="-6.80625" p_y="19.31875" />
			<Agent p_x="-6.76875" p_y="18.44375" />
			<Agent p_x="-7.21875" p_y="16.30625" />
			<Agent p_x="-8.1875" p_y="15.4" />
			<Agent p_x="-7.20625" p_y="14.64375" />
			<Agent p_x="-8.28125" p_y="14.05625" />
			<Agent p_x="-6.26875" p_y="17.0375" />
			<Agent p_x="-5.70625" p_y="19.125" />
			<Agent p_x="-7.725" p_y="27.7625" />
			<Agent p_x="-8.1125" p_y="28.9625" />
			<Agent p_x="-4.65625" p_y="-2.2" />
			<Agent p_x="-13.45625" p_y="-3.85" />
			<Agent p_x="-1.95" p_y="2.10625" />
			<Agent p_x="-3.0625" p_y="1.5125" />
			<Agent p_x="-4.10625" p_y="0.7125" />
			<Agent p_x="-5.39375" p_y="1.26875" />
			<Agent p_x="-6.99375" p_y="1.26875" />
			<Agent p_x="-9.43125" p_y="1.58125" />
			<Agent p_x="-10.09375" p_y="2.41875" />
			<Agent p_x="-10.55" p_y="0.33125" />
			<Agent p_x="-12.88125" p_y="1.96875" />
			<Agent p_x="-14.275" p_y="2.7" />
			<Agent p_x="-14.44375" p_y="3.775" />
			<Agent p_x="-15.975" p_y="3.39375" />
			<Agent p_x="-16.21875" p_y="4.36875" />
			<Agent p_x="-16.325" p_y="1.55" />
			<Agent p_x="-18.65625" p_y="2.175" />
			<Agent p_x="-18.275" p_y="3.6" />
			<Agent p_x="-19.31875" p_y="1.2375" />
			<Agent p_x="-21.44375" p_y="1.2375" />
			<Agent p_x="-23.53125" p_y="3.35625" />
			<Agent p_x="-23.1125" p_y="4.85625" />
			<Agent p_x="-22.175" p_y="6.45625" />
			<Agent p_x="-24.36875" p_y="5.5875" />
			<Agent p_x="-23.7375" p_y="7.225" />
			<Agent p_x="-23.95" p_y="0.95625" />
			<Agent p_x="-22.0" p_y="1.96875" />
			<Agent p_x="-16.9875" p_y="2.55625" />
			<Agent p_x="-15.73125" p_y="6.10625" />
			<Agent p_x="-15.24375" p_y="1.0625" />
			<Agent p_x="-12.49375" p_y="2.6625" />
			<Agent p_x="-11.85" p_y="-0.4625" />
			<Agent p_x="-11.2375" p_y="-1.625" />
			<Agent p_x="-10.4375" p_y="-1.08125" />
			<Agent p_x="-12.35625" p_y="-3.75625" />
			<Agent p_x="-14.63125" p_y="-3.75625" />
			<Agent p_x="-13.98125" p_y="-5.2375" />
			<Agent p_x="-24.65" p_y="-6.575" />
			<Agent p_x="-23.6" p_y="-7.19375" />
			<Agent p_x="-23.275" p_y="-5.5625" />
			<Agent p_x="-21.575" p_y="-4.04375" />
			<Agent p_x="-23.13125" p_y="-4.04375" />
			<Agent p_x="-23.53125" p_y="-2.8875" />
			<Agent p_x="-23.45625" p_y="-0.96875" />
			<Agent p_x="-11.95625" p_y="-5.2375" />
			<Agent p_x="-10.4375" p_y="-4.08125" />
			<Agent p_x="-10.475" p_y="-2.6375" />
			<Agent p_x="-11.26875" p_y="-3.5375" />
			<Agent p_x="-5.3375" p_y="-3.2125" />
			<Agent p_x="-3.7875" p_y="-2.38125" />
			<Agent p_x="-5.4125" p_y="-1.36875" />
			<Agent p_x="-3.3875" p_y="-0.5" />
			<Agent p_x="-4.475" p_y="-0.825" />
			<Agent p_x="-11.15" p_y="-4.73125" />
			<Agent p_x="-11.78125" p_y="-2.64375" />
			<Agent p_x="-22.1375" p_y="7.40625" />
			<Agent p_x="-22.4125" p_y="3.65625" />
			<Agent p_x="-18.10625" p_y="8.74375" />
			<Agent p_x="-14.6" p_y="9.5375" />
			<Agent p_x="-15.06875" p_y="10.8375" />
			<Agent p_x="-14.83125" p_y="13.125" />
			<Agent p_x="-11.20625" p_y="9.93125" />
			<Agent p_x="-11.3625" p_y="8.8625" />
			<Agent p_x="-4.21875" p_y="9.65" />
			<Agent p_x="-2.025" p_y="5.34375" />
			<Agent p_x="-2.3" p_y="4.4" />
			<Agent p_x="-3.40625" p_y="2.50625" />
			<Agent p_x="-10.5875" p_y="1.79375" />
			<Agent p_x="-14.6125" p_y="1.83125" />
			<Agent p_x="-13.1125" p_y="17.4625" />
			<Agent p_x="-16.6625" p_y="18.25" />
			<Agent p_x="-15.99375" p_y="24.0125" />
			<Agent p_x="-16.74375" p_y="25.46875" />
			<Agent p_x="-18.24375" p_y="23.975" />
			<Agent p_x="-15.55625" p_y="26.0125" />
			<Agent p_x="-15.86875" p_y="28.18125" />
			<Agent p_x="-21.83125" p_y="24.39375" />
			<Agent p_x="-21.59375" p_y="23.4875" />
			<Agent p_x="-22.81875" p_y="23.05625" />
			<Agent p_x="-18.7125" p_y="18.04375" />
			<Agent p_x="-5.53125" p_y="17.88125" />
			<Agent p_x="-5.2125" p_y="16.9375" />
			<Agent p_x="-8.53125" p_y="27.7875" />
			<Agent p_x="-11.4125" p_y="29.1625" />
			<Agent p_x="-11.84375" p_y="23.91875" />
			<Agent p_x="-10.34375" p_y="24.90625" />
			<Agent p_x="-17.0125" p_y="24.7125" />
			<Agent p_x="-15.55625" p_y="9.59375" />
			<Agent p_x="-17.09375" p_y="8.6125" />
			<Agent p_x="-14.80625" p_y="6.79375" />
			<Agent p_x="-17.40625" p_y="4.3875" />
			<Agent p_x="-19.89375" p_y="2.05625" />
			<Agent p_x="-21.83125" p_y="4.35" />
			<Agent p_x="-7.3875" p_y="12.9875" />
			<Agent p_x="-7.6625" p_y="12.04375" />
			<Agent p_x="-16.85625" p_y="23.09375" />
			<Agent p_x="-21.18125" p_y="-8.9125" />
			<Agent p_x="-22.9" p_y="-9.875" />
			<Agent p_x="-20.275" p_y="-9.725" />
			<Agent p_x="-22.08125" p_y="-8.275" />
			<Agent p_x="-21.79375" p_y="-10.05" />
			<Agent p_x="-24.65" p_y="-8.35" />
			<Agent p_x="-23.2375" p_y="-8.675" />
			<Agent p_x="-23.9625" p_y="-9.4" />
			<Agent p_x="-22.51875" p_y="-10.9125" />
			<Agent p_x="-24.75625" p_y="-11.13125" />
			<Agent p_x="-22.2625" p_y="-13.0875" />
			<Agent p_x="-23.45625" p_y="-11.675" />
			<Agent p_x="-23.7125" p_y="-13.4125" />
			<Agent p_x="-22.4" p_y="-11.99375" />
			<Agent p_x="-19.35625" p_y="-10.01875" />
			<Agent p_x="20.175" p_y="-23.93125" />
			<Agent p_x="22.425" p_y="-19.45625" />
			<Agent p_x="7.8125" p_y="-4.25" />
			<Agent p_x="10.70625" p_y="-14.79375" />
			<Agent p_x="15.05625" p_y="-12.75" />
			<Agent p_x="20.44375" p_y="-21.7125" />
			<Agent p_x="22.08125" p_y="-22.30625" />
			<Agent p_x="19.13125" p_y="-21.34375" />
			<Agent p_x="21.44375" p_y="-20.00625" />
			<Agent p_x="20.00625" p_y="-29.5875" />
			<Agent p_x="9.35625" p_y="-4.65" />
			<Agent p_x="21.8125" p_y="-28.8" />
			<Agent p_x="21.79375" p_y="-25.06875" />
			<Agent p_x="-9.2875" p_y="-29.79375" />
			<Agent p_x="11.66875" p_y="-13.5875" />
			<Agent p_x="-21.8875" p_y="-17.9" />
			<Agent p_x="20.95625" p_y="-23.0375" />
			<Agent p_x="11.3" p_y="-8.625" />
			<Agent p_x="5.4375" p_y="-18.90625" />
			<Agent p_x="9.575" p_y="-8.9625" />
			<Agent p_x="19.3875" p_y="-22.75625" />
			<Agent p_x="22.28125" p_y="-23.9625" />
			<Agent p_x="18.04375" p_y="-28.80625" />
			<Agent p_x="13.45" p_y="-21.71875" />
			<Agent p_x="-2.6875" p_y="-17.825" />
			<Agent p_x="11.4625" p_y="-20.6875" />
			<Agent p_x="5.1" p_y="-27.84375" />
			<Agent p_x="-6.85625" p_y="-6.9125" />
			<Agent p_x="20.6375" p_y="-25.68125" />
			<Agent p_x="10.39375" p_y="-5.50625" />
			<Agent p_x="-1.04375" p_y="-5.175" />
			<Agent p_x="-15.75" p_y="-22.15" />
			<Agent p_x="23.78125" p_y="-22.525" />
			<Agent p_x="-3.425" p_y="-28.3" />
			<Agent p_x="-10.5625" p_y="-26.03125" />
			<Agent p_x="6.25625" p_y="-16.51875" />
			<Agent p_x="-14.66875" p_y="-14.225" />
			<Agent p_x="-15.75625" p_y="-8.16875" />
			<Agent p_x="-16.55" p_y="-9.43125" />
			<Agent p_x="-15.71875" p_y="-10.48125" />
			<Agent p_x="-15.2125" p_y="-9.21875" />
			<Agent p_x="-13.9125" p_y="-9.65" />
			<Agent p_x="-14.38125" p_y="-10.3" />
			<Agent p_x="-15.25" p_y="-12.18125" />
			<Agent p_x="-16.625" p_y="-12.18125" />
			<Agent p_x="-17.09375" p_y="-10.5875" />
			<Agent p_x="-23.05625" p_y="-15.075" />
			<Agent p_x="-21.9375" p_y="-14.35" />
			<Agent p_x="-22.5875" p_y="-16.6625" />
			<Agent p_x="-23.38125" p_y="-17.3875" />
			<Agent p_x="-20.38125" p_y="-18.29375" />
			<Agent p_x="-15.03125" p_y="-17.85625" />
			<Agent p_x="-14.66875" p_y="-15.975" />
			<Agent p_x="-14.74375" p_y="-13.26875" />
			<Agent p_x="-15.71875" p_y="-13.19375" />
			<Agent p_x="-12.8625" p_y="-10.0125" />
			<Agent p_x="-11.525" p_y="-9.43125" />
			<Agent p_x="-10.55" p_y="-10.15625" />
			<Agent p_x="-8.88125" p_y="-7.625" />
			<Agent p_x="-10.15" p_y="-7.2625" />
			<Agent p_x="-9.31875" p_y="-8.74375" />
			<Agent p_x="-10.225" p_y="-5.78125" />
			<Agent p_x="-8.05" p_y="-6.71875" />
			<Agent p_x="-7.98125" p_y="-9.2875" />
			<Agent p_x="-8.70625" p_y="-10.15625" />
			<Agent p_x="-9.24375" p_y="-12.075" />
			<Agent p_x="-9.75" p_y="-13.3" />
			<Agent p_x="-8.95625" p_y="-13.3" />
			<Agent p_x="-9.03125" p_y="-15.29375" />
			<Agent p_x="-7.29375" p_y="-10.48125" />
			<Agent p_x="-5.05" p_y="-4.9125" />
			<Agent p_x="-3.7875" p_y="-3.75625" />
			<Agent p_x="-3.49375" p_y="-5.01875" />
			<Agent p_x="-2.0875" p_y="-4.5125" />
			<Agent p_x="-0.93125" p_y="-4.3" />
			<Agent p_x="0.225" p_y="-5.3125" />
			<Agent p_x="1.7125" p_y="-4.6625" />
			<Agent p_x="2.725" p_y="-5.38125" />
			<Agent p_x="2.91875" p_y="-3.6375" />
			<Agent p_x="4.0" p_y="-2.975" />
			<Agent p_x="6.28125" p_y="-3.6375" />
			<Agent p_x="5.2" p_y="-3.9375" />
			<Agent p_x="4.0" p_y="-4.29375" />
			<Agent p_x="4.78125" p_y="-5.91875" />
			<Agent p_x="4.35625" p_y="-6.9375" />
			<Agent p_x="5.38125" p_y="-7.05625" />
			<Agent p_x="4.71875" p_y="-9.0375" />
			<Agent p_x="4.05625" p_y="-9.58125" />
			<Agent p_x="3.58125" p_y="-9.88125" />
			<Agent p_x="2.2" p_y="-9.88125" />
			<Agent p_x="-0.14375" p_y="-10.3" />
			<Agent p_x="1.05625" p_y="-10.0" />
			<Agent p_x="-2.24375" p_y="-10.0" />
			<Agent p_x="-2.84375" p_y="-8.8" />
			<Agent p_x="-2.725" p_y="-5.675" />
			<Agent p_x="-3.26875" p_y="-11.08125" />
			<Agent p_x="-3.3875" p_y="-6.81875" />
			<Agent p_x="-4.525" p_y="-12.21875" />
			<Agent p_x="-5.1875" p_y="-11.08125" />
			<Agent p_x="-3.44375" p_y="-14.80625" />
			<Agent p_x="-4.225" p_y="-14.8625" />
			<Agent p_x="-3.925" p_y="-13.3" />
			<Agent p_x="-3.86875" p_y="-17.86875" />
			<Agent p_x="-6.63125" p_y="-17.86875" />
			<Agent p_x="-8.7875" p_y="-17.80625" />
			<Agent p_x="-9.33125" p_y="-16.84375" />
			<Agent p_x="-10.76875" p_y="-18.10625" />
			<Agent p_x="-11.79375" p_y="-18.46875" />
			<Agent p_x="-13.35" p_y="-18.34375" />
			<Agent p_x="-15.6375" p_y="-19.4875" />
			<Agent p_x="-14.975" p_y="-21.5875" />
			<Agent p_x="-15.575" p_y="-23.63125" />
			<Agent p_x="-14.73125" p_y="-24.53125" />
			<Agent p_x="-17.975" p_y="-24.8875" />
			<Agent p_x="-16.29375" p_y="-24.95" />
			<Agent p_x="-20.25625" p_y="-23.56875" />
			<Agent p_x="-20.2" p_y="-22.1875" />
			<Agent p_x="-18.15625" p_y="-22.1875" />
			<Agent p_x="-19.9" p_y="-20.20625" />
			<Agent p_x="-23.4375" p_y="-20.325" />
			<Agent p_x="-23.1375" p_y="-18.5875" />
			<Agent p_x="-23.01875" p_y="-22.96875" />
			<Agent p_x="-23.7375" p_y="-23.9875" />
			<Agent p_x="-22.9625" p_y="-24.95" />
			<Agent p_x="-20.85625" p_y="-25.49375" />
			<Agent p_x="-21.7" p_y="-27.1125" />
			<Agent p_x="-20.61875" p_y="-28.675" />
			<Agent p_x="-21.9375" p_y="-28.49375" />
			<Agent p_x="-17.675" p_y="-30.175" />
			<Agent p_x="-19.6" p_y="-30.175" />
			<Agent p_x="-16.475" p_y="-29.69375" />
			<Agent p_x="-16.1125" p_y="-31.0125" />
			<Agent p_x="-14.375" p_y="-31.19375" />
			<Agent p_x="-12.69375" p_y="-29.75625" />
			<Agent p_x="-12.8125" p_y="-31.19375" />
			<Agent p_x="-10.89375" p_y="-29.8125" />
			<Agent p_x="-11.19375" p_y="-28.675" />
			<Agent p_x="-9.93125" p_y="-28.25" />
			<Agent p_x="-11.73125" p_y="-25.36875" />
			<Agent p_x="-9.99375" p_y="-25.25" />
			<Agent p_x="-11.0125" p_y="-27.1125" />
			<Agent p_x="-8.3125" p_y="-23.9875" />
			<Agent p_x="-8.43125" p_y="-25.13125" />
			<Agent p_x="-9.26875" p_y="-23.0875" />
			<Agent p_x="-8.73125" p_y="-22.25" />
			<Agent p_x="-9.75" p_y="-20.0875" />
			<Agent p_x="-8.85" p_y="-20.0875" />
			<Agent p_x="-9.3875" p_y="-21.10625" />
			<Agent p_x="-4.5875" p_y="-20.3875" />
			<Agent p_x="-3.80625" p_y="-19.60625" />
			<Agent p_x="-4.525" p_y="-17.20625" />
			<Agent p_x="-3.625" p_y="-16.125" />
			<Agent p_x="-3.74375" p_y="-22.00625" />
			<Agent p_x="-4.5875" p_y="-23.15" />
			<Agent p_x="-5.90625" p_y="-23.6875" />
			<Agent p_x="-6.80625" p_y="-24.05" />
			<Agent p_x="-4.04375" p_y="-24.1125" />
			<Agent p_x="-3.0875" p_y="-25.13125" />
			<Agent p_x="-3.0875" p_y="-23.45" />
			<Agent p_x="-1.225" p_y="-22.7875" />
			<Agent p_x="0.275" p_y="-23.0875" />
			<Agent p_x="1.2375" p_y="-22.55" />
			<Agent p_x="-2.7875" p_y="-27.29375" />
			<Agent p_x="-4.2875" p_y="-29.03125" />
			<Agent p_x="-4.76875" p_y="-30.35625" />
			<Agent p_x="-3.74375" p_y="-31.1375" />
			<Agent p_x="-2.3625" p_y="-31.1375" />
			<Agent p_x="-2.3625" p_y="-29.45625" />
			<Agent p_x="2.01875" p_y="-27.475" />
			<Agent p_x="0.45625" p_y="-27.475" />
			<Agent p_x="1.8375" p_y="-28.25" />
			<Agent p_x="1.41875" p_y="-28.85625" />
			<Agent p_x="3.3375" p_y="-28.49375" />
			<Agent p_x="4.35625" p_y="-27.7125" />
			<Agent p_x="4.8375" p_y="-29.275" />
			<Agent p_x="5.38125" p_y="-25.79375" />
			<Agent p_x="5.2625" p_y="-24.83125" />
			<Agent p_x="3.88125" p_y="-23.03125" />
			<Agent p_x="2.25625" p_y="-23.26875" />
			<Agent p_x="5.8625" p_y="-23.5125" />
			<Agent p_x="6.51875" p_y="-30.23125" />
			<Agent p_x="8.01875" p_y="-30.23125" />
			<Agent p_x="7.24375" p_y="-29.875" />
			<Agent p_x="10.90625" p_y="-30.175" />
			<Agent p_x="12.10625" p_y="-29.75625" />
			<Agent p_x="12.2875" p_y="-28.79375" />
			<Agent p_x="14.025" p_y="-29.63125" />
			<Agent p_x="18.16875" p_y="-30.05625" />
			<Agent p_x="16.55" p_y="-29.45625" />
			<Agent p_x="14.925" p_y="-28.6125" />
			<Agent p_x="13.90625" p_y="-27.65" />
			<Agent p_x="13.425" p_y="-28.73125" />
			<Agent p_x="12.40625" p_y="-26.75" />
			<Agent p_x="13.7875" p_y="-26.15" />
			<Agent p_x="13.725" p_y="-24.4125" />
			<Agent p_x="12.525" p_y="-24.7125" />
			<Agent p_x="11.68125" p_y="-22.13125" />
			<Agent p_x="9.88125" p_y="-23.33125" />
			<Agent p_x="12.10625" p_y="-23.9875" />
			<Agent p_x="10.725" p_y="-23.03125" />
			<Agent p_x="8.68125" p_y="-23.63125" />
			<Agent p_x="7.48125" p_y="-22.7875" />
			<Agent p_x="6.28125" p_y="-19.54375" />
			<Agent p_x="6.1625" p_y="-22.1875" />
			<Agent p_x="5.61875" p_y="-21.10625" />
			<Agent p_x="5.61875" p_y="-17.86875" />
			<Agent p_x="4.18125" p_y="-17.86875" />
			<Agent p_x="3.88125" p_y="-16.24375" />
			<Agent p_x="2.91875" p_y="-17.3875" />
			<Agent p_x="1.35625" p_y="-17.74375" />
			<Agent p_x="-0.68125" p_y="-17.74375" />
			<Agent p_x="-1.825" p_y="-17.86875" />
			<Agent p_x="6.58125" p_y="-15.40625" />
			<Agent p_x="5.31875" p_y="-16.60625" />
			<Agent p_x="5.1375" p_y="-14.50625" />
			<Agent p_x="4.35625" p_y="-13.725" />
			<Agent p_x="4.6" p_y="-15.4625" />
			<Agent p_x="5.5625" p_y="-12.94375" />
			<Agent p_x="4.8375" p_y="-12.1625" />
			<Agent p_x="5.5625" p_y="-10.41875" />
			<Agent p_x="8.01875" p_y="-9.9375" />
			<Agent p_x="10.54375" p_y="-9.88125" />
			<Agent p_x="10.9625" p_y="-12.4625" />
			<Agent p_x="10.18125" p_y="-11.5625" />
			<Agent p_x="10.18125" p_y="-14.025" />
			<Agent p_x="9.04375" p_y="-15.04375" />
			<Agent p_x="7.9625" p_y="-14.625" />
			<Agent p_x="11.2625" p_y="-15.825" />
			<Agent p_x="11.38125" p_y="-18.04375" />
			<Agent p_x="12.8875" p_y="-18.04375" />
			<Agent p_x="13.66875" p_y="-16.0625" />
			<Agent p_x="12.525" p_y="-17.0875" />
			<Agent p_x="12.64375" p_y="-14.925" />
			<Agent p_x="11.925" p_y="-14.5625" />
			<Agent p_x="13.4875" p_y="-13.24375" />
			<Agent p_x="10.9625" p_y="-19.54375" />
			<Agent p_x="12.2875" p_y="-19.30625" />
			<Agent p_x="12.825" p_y="-20.86875" />
			<Agent p_x="13.425" p_y="-19.36875" />
			<Agent p_x="13.3625" p_y="-22.60625" />
			<Agent p_x="14.86875" p_y="-22.4875" />
			<Agent p_x="17.6875" p_y="-21.8875" />
			<Agent p_x="16.725" p_y="-22.43125" />
			<Agent p_x="10.54375" p_y="-7.2375" />
			<Agent p_x="-21.6875" p_y="-25.25625" />
			<Agent p_x="-20.06875" p_y="-24.9375" />
			<Agent p_x="-18.65" p_y="-29.675" />
			<Agent p_x="-13.7125" p_y="-30.10625" />
			<Agent p_x="-8.425" p_y="-30.425" />
			<Agent p_x="-10.28125" p_y="-29.28125" />
			<Agent p_x="-11.74375" p_y="-26.79375" />
			<Agent p_x="-13.2" p_y="-25.05625" />
			<Agent p_x="-14.7" p_y="-22.8875" />
			<Agent p_x="-14.625" p_y="-20.28125" />
			<Agent p_x="-16.00625" p_y="-17.9125" />
			<Agent p_x="-21.925" p_y="-15.54375" />
			<Agent p_x="-17.81875" p_y="-10.93125" />
			<Agent p_x="-15.925" p_y="-11.51875" />
			<Agent p_x="-13.08125" p_y="-9.35" />
			<Agent p_x="-11.1875" p_y="-6.23125" />
			<Agent p_x="-10.4375" p_y="-9.075" />
			<Agent p_x="-9.53125" p_y="-10.01875" />
			<Agent p_x="-9.56875" p_y="-14.3625" />
			<Agent p_x="-9.65" p_y="-18.35" />
			<Agent p_x="-8.8625" p_y="-19.25625" />
			<Agent p_x="-4.4" p_y="-18.5875" />
			<Agent p_x="-4.675" p_y="-13.76875" />
			<Agent p_x="-3.4125" p_y="-12.3875" />
			<Agent p_x="-4.04375" p_y="-10.73125" />
			<Agent p_x="-4.1625" p_y="-5.68125" />
			<Agent p_x="-4.71875" p_y="-3.90625" />
			<Agent p_x="-2.70625" p_y="-3.74375" />
			<Agent p_x="-7.875" p_y="-17.875" />
			<Agent p_x="-7.4375" p_y="-23.51875" />
			<Agent p_x="-4.875" p_y="-24.15" />
			<Agent p_x="-9.29375" p_y="-24.30625" />
			<Agent p_x="-10.00625" p_y="-26.7125" />
			<Agent p_x="-6.73125" p_y="-30.1875" />
			<Agent p_x="-2.55" p_y="-30.15" />
			<Agent p_x="-2.26875" p_y="-23.08125" />
			<Agent p_x="-5.35" p_y="-17.8375" />
			<Agent p_x="-9.175" p_y="-11.0875" />
			<Agent p_x="-14.50625" p_y="-11.0875" />
			<Agent p_x="-14.7" p_y="-18.8625" />
			<Agent p_x="-8.23125" p_y="-8.3625" />
			<Agent p_x="-9.21875" p_y="-6.66875" />
			<Agent p_x="-23.425" p_y="-21.6625" />
			<Agent p_x="-20.5" p_y="-19.8375" />
			<Agent p_x="-19.1625" p_y="-22.29375" />
			<Agent p_x="-17.06875" p_y="-22.29375" />
			<Agent p_x="9.3625" p_y="-30.2125" />
			<Agent p_x="5.14375" p_y="-30.36875" />
			<Agent p_x="4.075" p_y="-29.26875" />
			<Agent p_x="4.90625" p_y="-26.58125" />
			<Agent p_x="5.14375" p_y="-22.75625" />
			<Agent p_x="4.7875" p_y="-23.78125" />
			<Agent p_x="5.3" p_y="-19.8375" />
			<Agent p_x="6.99375" p_y="-23.6625" />
			<Agent p_x="10.74375" p_y="-23.98125" />
			<Agent p_x="12.75625" p_y="-22.875" />
			<Agent p_x="14.25625" p_y="-23.4625" />
			<Agent p_x="15.71875" p_y="-22.125" />
			<Agent p_x="15.9125" p_y="-28.55625" />
			<Agent p_x="15.325" p_y="-29.85625" />
			<Agent p_x="17.0625" p_y="-28.55625" />
			<Agent p_x="22.23125" p_y="-27.01875" />
			<Agent p_x="20.96875" p_y="-24.33125" />
			<Agent p_x="19.35" p_y="-23.81875" />
			<Agent p_x="20.3375" p_y="-20.625" />
			<Agent p_x="21.79375" p_y="-21.29375" />
			<Agent p_x="21.8375" p_y="-18.6875" />
			<Agent p_x="16.46875" p_y="-13.24375" />
			<Agent p_x="13.625" p_y="-14.54375" />
			<Agent p_x="12.8" p_y="-16.025" />
			<Agent p_x="10.7875" p_y="-13.3" />
			<Agent p_x="11.3" p_y="-10.41875" />
			<Agent p_x="9.40625" p_y="-9.86875" />
			<Agent p_x="7.11875" p_y="-10.06875" />
			<Agent p_x="7.0" p_y="-4.775" />
			<Agent p_x="4.31875" p_y="-10.61875" />
			<Agent p_x="2.38125" p_y="-18.075" />
			<Agent p_x="0.64375" p_y="-18.075" />
			<Agent p_x="2.30625" p_y="-16.93125" />
			<Agent p_x="4.0" p_y="-12.35625" />
			<Agent p_x="10.275" p_y="-8.09375" />
		</Generator>
	</AgentGroup>
	
	<ObstacleSet type="explicit" class="1">
		<Obstacle closed="1" >
			<Vertex p_x="-11.298096" p_y="-31.033276" />
			<Vertex p_x="-11.298096" p_y="-32.748322" />
			<Vertex p_x="-5.044731" p_y="-32.748322" />
			<Vertex p_x="-5.044731" p_y="-31.033276" />
		</Obstacle>
		<Obstacle closed="1" >
			<Vertex p_x="-11.298096" p_y="-31.033276" />
			<Vertex p_x="-11.298096" p_y="-32.748322" />
			<Vertex p_x="-5.044731" p_y="-32.748322" />
			<Vertex p_x="-5.044731" p_y="-31.033276" />
		</Obstacle>
		<Obstacle closed="1" >
			<Vertex p_x="-14.090701" p_y="-19.083012" />
			<Vertex p_x="-14.090701" p_y="-24.274715" />
			<Vertex p_x="-10.195962" p_y="-24.274715" />
			<Vertex p_x="-10.195962" p_y="-19.083012" />
		</Obstacle>
		<Obstacle closed="1" >
			<Vertex p_x="-8.001998" p_y="-18.542082" />
			<Vertex p_x="-8.001998" p_y="-22.957659" />
			<Vertex p_x="-5.207074" p_y="-22.957659" />
			<Vertex p_x="-5.207074" p_y="-18.542082" />
		</Obstacle>
		<Obstacle closed="1" >
			<Vertex p_x="-3.294866" p_y="-18.750845" />
			<Vertex p_x="-3.294866" p_y="-22.016767" />
			<Vertex p_x="4.715984" p_y="-22.016767" />
			<Vertex p_x="4.715984" p_y="-18.750845" />
		</Obstacle>
		<Obstacle closed="1" >
			<Vertex p_x="-2.115644" p_y="-23.855089" />
			<Vertex p_x="-2.115644" p_y="-27.017698" />
			<Vertex p_x="4.352717" p_y="-27.017698" />
			<Vertex p_x="4.352717" p_y="-23.855089" />
		</Obstacle>
		<Obstacle closed="1" >
			<Vertex p_x="6.878243" p_y="-16.143202" />
			<Vertex p_x="6.878243" p_y="-21.965395" />
			<Vertex p_x="10.212779" p_y="-21.965395" />
			<Vertex p_x="10.212779" p_y="-16.143202" />
		</Obstacle>
		<Obstacle closed="1" >
			<Vertex p_x="5.891252" p_y="-24.631428" />
			<Vertex p_x="5.891252" p_y="-29.395667" />
			<Vertex p_x="11.357945" p_y="-29.395667" />
			<Vertex p_x="11.357945" p_y="-24.631428" />
		</Obstacle>
		<Obstacle closed="1" >
			<Vertex p_x="-20.270855" p_y="-25.696936" />
			<Vertex p_x="-20.270855" p_y="-29.050994" />
			<Vertex p_x="-12.359684" p_y="-29.050994" />
			<Vertex p_x="-12.359684" p_y="-25.696936" />
		</Obstacle>
		<Obstacle closed="1" >
			<Vertex p_x="-19.284011" p_y="-22.840203" />
			<Vertex p_x="-19.284011" p_y="-24.335704" />
			<Vertex p_x="-16.412134" p_y="-24.335704" />
			<Vertex p_x="-16.412134" p_y="-22.840203" />
		</Obstacle>
		<Obstacle closed="1" >
			<Vertex p_x="-22.542201" p_y="-18.655156" />
			<Vertex p_x="-22.542201" p_y="-24.307633" />
			<Vertex p_x="-21.047019" p_y="-24.307633" />
			<Vertex p_x="-21.047019" p_y="-18.655156" />
		</Obstacle>
		<Obstacle closed="1" >
			<Vertex p_x="-7.586071" p_y="-24.904849" />
			<Vertex p_x="-9.395077" p_y="-26.512308" />
			<Vertex p_x="-9.395077" p_y="-27.387556" />
			<Vertex p_x="-8.180695" p_y="-29.562427" />
			<Vertex p_x="-5.976298" p_y="-29.562427" />
			<Vertex p_x="-3.187883" p_y="-26.734765" />
			<Vertex p_x="-3.187883" p_y="-26.296025" />
			<Vertex p_x="-4.653906" p_y="-24.904849" />
		</Obstacle>
		<Obstacle closed="1" >
			<Vertex p_x="5.789044" p_y="-30.824655" />
			<Vertex p_x="5.789044" p_y="-32.752509" />
			<Vertex p_x="21.875656" p_y="-32.752509" />
			<Vertex p_x="21.875656" p_y="-30.824655" />
		</Obstacle>
		<Obstacle closed="1" >
			<Vertex p_x="16.380800" p_y="-23.047861" />
			<Vertex p_x="14.652936" p_y="-24.332756" />
			<Vertex p_x="14.652936" p_y="-26.418434" />
			<Vertex p_x="16.098299" p_y="-27.815697" />
			<Vertex p_x="18.151911" p_y="-27.815697" />
			<Vertex p_x="19.379697" p_y="-25.954327" />
			<Vertex p_x="19.379697" p_y="-25.240793" />
			<Vertex p_x="18.252804" p_y="-23.047861" />
		</Obstacle>
		<Obstacle closed="1" >
			<Vertex p_x="20.496648" p_y="-26.345025" />
			<Vertex p_x="18.976216" p_y="-28.574053" />
			<Vertex p_x="20.108876" p_y="-28.844352" />
			<Vertex p_x="21.253422" p_y="-27.227721" />
		</Obstacle>
		<Obstacle closed="1" >
			<Vertex p_x="23.472013" p_y="0.401796" />
			<Vertex p_x="23.472013" p_y="-21.238147" />
			<Vertex p_x="26.218614" p_y="-21.238147" />
			<Vertex p_x="26.218614" p_y="0.401796" />
		</Obstacle>
		<Obstacle closed="1" >
			<Vertex p_x="20.439968" p_y="-13.789351" />
			<Vertex p_x="14.178696" p_y="-13.789351" />
			<Vertex p_x="14.178696" p_y="-21.354248" />
			<Vertex p_x="17.309645" p_y="-21.354248" />
			<Vertex p_x="20.439968" p_y="-19.186973" />
		</Obstacle>
		<Obstacle closed="1" >
			<Vertex p_x="-22.812564" p_y="-28.484308" />
			<Vertex p_x="-23.898972" p_y="-28.876914" />
			<Vertex p_x="-23.311979" p_y="-30.305805" />
			<Vertex p_x="-20.526811" p_y="-32.740814" />
			<Vertex p_x="-16.648864" p_y="-32.740814" />
			<Vertex p_x="-16.648864" p_y="-31.024084" />
			<Vertex p_x="-20.377539" p_y="-31.024084" />
			<Vertex p_x="-22.438346" p_y="-29.340041" />
		</Obstacle>
		<Obstacle closed="1" >
			<Vertex p_x="-25.981109" p_y="-24.672076" />
			<Vertex p_x="-25.981109" p_y="-28.422747" />
			<Vertex p_x="-22.982096" p_y="-28.422747" />
			<Vertex p_x="-22.982096" p_y="-26.028541" />
			<Vertex p_x="-24.721872" p_y="-24.672076" />
		</Obstacle>
		<Obstacle closed="1" >
			<Vertex p_x="-25.929399" p_y="-12.155589" />
			<Vertex p_x="-25.929399" p_y="-24.056619" />
			<Vertex p_x="-24.154374" p_y="-24.056619" />
			<Vertex p_x="-24.154374" p_y="-12.155589" />
		</Obstacle>
		<Obstacle closed="1" >
			<Vertex p_x="-21.381431" p_y="-10.774693" />
			<Vertex p_x="-21.381431" p_y="-17.274509" />
			<Vertex p_x="-15.498318" p_y="-17.274509" />
			<Vertex p_x="-15.498318" p_y="-14.555018" />
			<Vertex p_x="-18.786707" p_y="-10.774693" />
		</Obstacle>
		<Obstacle closed="1" >
			<Vertex p_x="1.182198" p_y="-29.884619" />
			<Vertex p_x="1.182198" p_y="-32.721667" />
			<Vertex p_x="4.932870" p_y="-32.721667" />
			<Vertex p_x="4.932870" p_y="-31.649017" />
			<Vertex p_x="3.579901" p_y="-29.884619" />
		</Obstacle>
		<Obstacle closed="1" >
			<Vertex p_x="-3.803484" p_y="-29.566631" />
			<Vertex p_x="-3.803484" p_y="-29.964419" />
			<Vertex p_x="-3.405696" p_y="-29.964419" />
			<Vertex p_x="-3.405696" p_y="-29.566631" />
		</Obstacle>
		<Obstacle closed="1" >
			<Vertex p_x="-1.902038" p_y="-27.802409" />
			<Vertex p_x="-1.902038" p_y="-32.711845" />
			<Vertex p_x="-0.471052" p_y="-32.711845" />
			<Vertex p_x="-0.471052" p_y="-27.802409" />
		</Obstacle>
		<Obstacle closed="1" >
			<Vertex p_x="-0.380236" p_y="-29.262144" />
			<Vertex p_x="-0.380236" p_y="-30.368193" />
			<Vertex p_x="1.076734" p_y="-30.368193" />
			<Vertex p_x="1.076734" p_y="-29.262144" />
		</Obstacle>
		<Obstacle closed="1" >
			<Vertex p_x="-13.907021" p_y="-10.809284" />
			<Vertex p_x="-13.907021" p_y="-17.449856" />
			<Vertex p_x="-10.135011" p_y="-17.449856" />
			<Vertex p_x="-10.135011" p_y="-10.809284" />
		</Obstacle>
		<Obstacle closed="1" >
			<Vertex p_x="-8.296652" p_y="-11.307464" />
			<Vertex p_x="-8.296652" p_y="-17.105896" />
			<Vertex p_x="-5.289119" p_y="-17.105896" />
			<Vertex p_x="-5.289119" p_y="-12.317500" />
			<Vertex p_x="-7.032802" p_y="-11.307464" />
		</Obstacle>
		<Obstacle closed="1" >
			<Vertex p_x="3.534446" p_y="-10.801875" />
			<Vertex p_x="-1.282975" p_y="-10.801875" />
			<Vertex p_x="-2.743143" p_y="-12.730409" />
			<Vertex p_x="-2.743143" p_y="-17.190613" />
			<Vertex p_x="0.493541" p_y="-17.190613" />
			<Vertex p_x="3.534446" p_y="-15.632869" />
		</Obstacle>
		<Obstacle closed="1" >
			<Vertex p_x="-2.223161" p_y="-6.084554" />
			<Vertex p_x="-2.223161" p_y="-9.292372" />
			<Vertex p_x="3.731522" p_y="-9.292372" />
			<Vertex p_x="3.731522" p_y="-6.084554" />
		</Obstacle>
		<Obstacle closed="1" >
			<Vertex p_x="9.454143" p_y="-5.552744" />
			<Vertex p_x="5.635786" p_y="-5.552744" />
			<Vertex p_x="5.635786" p_y="-9.303416" />
			<Vertex p_x="7.700359" p_y="-9.303416" />
			<Vertex p_x="9.454143" p_y="-7.945664" />
		</Obstacle>
		<Obstacle closed="1" >
			<Vertex p_x="16.775094" p_y="-5.121071" />
			<Vertex p_x="11.893816" p_y="-4.662410" />
			<Vertex p_x="11.893816" p_y="-12.452842" />
			<Vertex p_x="16.833896" p_y="-11.911858" />
			<Vertex p_x="21.406261" p_y="-11.669087" />
			<Vertex p_x="21.406261" p_y="-5.616531" />
		</Obstacle>
		<Obstacle closed="1" >
			<Vertex p_x="-13.019816" p_y="-5.739953" />
			<Vertex p_x="-14.816561" p_y="-7.615113" />
			<Vertex p_x="-14.816561" p_y="-8.800960" />
			<Vertex p_x="-11.002691" p_y="-8.800960" />
			<Vertex p_x="-11.002691" p_y="-7.187309" />
		</Obstacle>
		<Obstacle closed="1" >
			<Vertex p_x="-12.590746" p_y="0.487013" />
			<Vertex p_x="-22.720075" p_y="0.487012" />
			<Vertex p_x="-22.720075" p_y="-3.213048" />
			<Vertex p_x="-19.529239" p_y="-3.411574" />
			<Vertex p_x="-22.253041" p_y="-6.622929" />
			<Vertex p_x="-22.557611" p_y="-6.982981" />
			<Vertex p_x="-22.544173" p_y="-7.399542" />
			<Vertex p_x="-22.127612" p_y="-7.399542" />
			<Vertex p_x="-21.952925" p_y="-6.996418" />
			<Vertex p_x="-18.238804" p_y="-9.923524" />
			<Vertex p_x="-14.507050" p_y="-5.597070" />
			<Vertex p_x="-17.381124" p_y="-3.311476" />
			<Vertex p_x="-12.590746" p_y="-2.920742" />
		</Obstacle>
		<Obstacle closed="1" >
			<Vertex p_x="-25.948485" p_y="-0.043516" />
			<Vertex p_x="-25.948485" p_y="-4.496214" />
			<Vertex p_x="-24.444109" p_y="-4.496214" />
			<Vertex p_x="-24.444109" p_y="-0.043516" />
		</Obstacle>
		<Obstacle closed="1" >
			<Vertex p_x="-9.477691" p_y="0.601688" />
			<Vertex p_x="-9.477691" p_y="-5.941734" />
			<Vertex p_x="-5.913449" p_y="-5.941734" />
			<Vertex p_x="-5.913449" p_y="0.601688" />
		</Obstacle>
		<Obstacle closed="1" >
			<Vertex p_x="-2.934841" p_y="0.560007" />
			<Vertex p_x="-2.934841" p_y="-2.120258" />
			<Vertex p_x="-1.504508" p_y="-3.896004" />
			<Vertex p_x="1.521353" p_y="-3.896004" />
			<Vertex p_x="4.168854" p_y="-1.412984" />
			<Vertex p_x="4.168854" p_y="0.560007" />
		</Obstacle>
		<Obstacle closed="1" >
			<Vertex p_x="6.495916" p_y="0.721495" />
			<Vertex p_x="6.495916" p_y="-2.434346" />
			<Vertex p_x="11.377111" p_y="-2.434346" />
			<Vertex p_x="11.377111" p_y="0.721495" />
		</Obstacle>
		<Obstacle closed="1" >
			<Vertex p_x="13.984327" p_y="0.494635" />
			<Vertex p_x="13.984327" p_y="-2.307311" />
			<Vertex p_x="15.923894" p_y="-3.771459" />
			<Vertex p_x="18.213013" p_y="-3.771459" />
			<Vertex p_x="21.223292" p_y="-2.751413" />
			<Vertex p_x="21.223292" p_y="0.494635" />
		</Obstacle>
		<Obstacle closed="1" >
			<Vertex p_x="-25.940899" p_y="4.278445" />
			<Vertex p_x="-25.940899" p_y="1.797556" />
			<Vertex p_x="-24.250348" p_y="1.797556" />
			<Vertex p_x="-24.250348" p_y="4.278445" />
		</Obstacle>
		<Obstacle closed="1" >
			<Vertex p_x="23.725844" p_y="4.041783" />
			<Vertex p_x="23.725844" p_y="3.643995" />
			<Vertex p_x="24.123631" p_y="3.643995" />
			<Vertex p_x="24.123631" p_y="4.041783" />
		</Obstacle>
		<Obstacle closed="1" >
			<Vertex p_x="-9.092107" p_y="18.477196" />
			<Vertex p_x="-9.092107" p_y="18.079408" />
			<Vertex p_x="-8.694319" p_y="18.079408" />
			<Vertex p_x="-8.694319" p_y="18.477196" />
		</Obstacle>
		<Obstacle closed="1" >
			<Vertex p_x="7.651674" p_y="18.477085" />
			<Vertex p_x="7.651674" p_y="18.079297" />
			<Vertex p_x="8.049463" p_y="18.079297" />
			<Vertex p_x="8.049463" p_y="18.477085" />
		</Obstacle>
		<Obstacle closed="1" >
			<Vertex p_x="-2.011817" p_y="29.418568" />
			<Vertex p_x="-2.011817" p_y="29.020779" />
			<Vertex p_x="-1.614029" p_y="29.020779" />
			<Vertex p_x="-1.614029" p_y="29.418568" />
		</Obstacle>
		<Obstacle closed="1" >
			<Vertex p_x="-16.709603" p_y="7.776741" />
			<Vertex p_x="-21.126248" p_y="7.776741" />
			<Vertex p_x="-21.126248" p_y="3.822759" />
			<Vertex p_x="-20.291747" p_y="3.822759" />
			<Vertex p_x="-16.709603" p_y="5.157412" />
		</Obstacle>
		<Obstacle closed="1" >
			<Vertex p_x="-13.943999" p_y="8.081941" />
			<Vertex p_x="-13.943999" p_y="3.360809" />
			<Vertex p_x="-9.481399" p_y="3.360809" />
			<Vertex p_x="-9.481399" p_y="8.081941" />
		</Obstacle>
		<Obstacle closed="1" >
			<Vertex p_x="-7.053838" p_y="8.456216" />
			<Vertex p_x="-7.053838" p_y="3.897963" />
			<Vertex p_x="-3.907404" p_y="3.897963" />
			<Vertex p_x="-3.907404" p_y="8.456216" />
		</Obstacle>
		<Obstacle closed="1" >
			<Vertex p_x="-1.381484" p_y="8.115108" />
			<Vertex p_x="-1.381484" p_y="3.735869" />
			<Vertex p_x="4.627313" p_y="3.735869" />
			<Vertex p_x="4.627313" p_y="8.115108" />
		</Obstacle>
		<Obstacle closed="1" >
			<Vertex p_x="7.709446" p_y="7.365584" />
			<Vertex p_x="7.709446" p_y="4.926162" />
			<Vertex p_x="8.855922" p_y="3.006375" />
			<Vertex p_x="11.779566" p_y="3.006375" />
			<Vertex p_x="11.779566" p_y="8.746811" />
			<Vertex p_x="9.441762" p_y="8.746811" />
		</Obstacle>
		<Obstacle closed="1" >
			<Vertex p_x="15.269249" p_y="9.361411" />
			<Vertex p_x="15.269249" p_y="2.822943" />
			<Vertex p_x="18.652127" p_y="2.822943" />
			<Vertex p_x="18.652127" p_y="9.361411" />
		</Obstacle>
		<Obstacle closed="1" >
			<Vertex p_x="20.865153" p_y="15.904905" />
			<Vertex p_x="20.865153" p_y="10.290869" />
			<Vertex p_x="26.156427" p_y="10.290869" />
			<Vertex p_x="26.156427" p_y="15.904905" />
		</Obstacle>
		<Obstacle closed="1" >
			<Vertex p_x="14.161632" p_y="15.140892" />
			<Vertex p_x="14.161632" p_y="12.360895" />
			<Vertex p_x="18.769476" p_y="12.360895" />
			<Vertex p_x="18.769476" p_y="15.140892" />
		</Obstacle>
		<Obstacle closed="1" >
			<Vertex p_x="8.154116" p_y="15.934153" />
			<Vertex p_x="8.154117" p_y="10.655739" />
			<Vertex p_x="11.235894" p_y="10.655739" />
			<Vertex p_x="11.235893" p_y="15.934153" />
		</Obstacle>
		<Obstacle closed="1" >
			<Vertex p_x="4.783531" p_y="16.310639" />
			<Vertex p_x="-0.105454" p_y="16.310639" />
			<Vertex p_x="-2.030642" p_y="13.905122" />
			<Vertex p_x="-2.030642" p_y="10.517016" />
			<Vertex p_x="0.851629" p_y="10.517016" />
			<Vertex p_x="4.783530" p_y="11.695023" />
		</Obstacle>
		<Obstacle closed="1" >
			<Vertex p_x="-6.907380" p_y="16.360299" />
			<Vertex p_x="-6.907380" p_y="10.538107" />
			<Vertex p_x="-3.631553" p_y="10.538107" />
			<Vertex p_x="-3.631553" p_y="16.360299" />
		</Obstacle>
		<Obstacle closed="1" >
			<Vertex p_x="-14.053936" p_y="16.300699" />
			<Vertex p_x="-14.053936" p_y="10.686663" />
			<Vertex p_x="-9.008510" p_y="10.686663" />
			<Vertex p_x="-9.008510" p_y="16.300699" />
		</Obstacle>
		<Obstacle closed="1" >
			<Vertex p_x="-15.395112" p_y="16.964107" />
			<Vertex p_x="-18.790588" p_y="16.964107" />
			<Vertex p_x="-21.185458" p_y="16.208168" />
			<Vertex p_x="-21.185458" p_y="10.545303" />
			<Vertex p_x="-16.984407" p_y="10.545303" />
			<Vertex p_x="-15.395112" p_y="12.440159" />
		</Obstacle>
		<Obstacle closed="1" >
			<Vertex p_x="-25.993316" p_y="27.466429" />
			<Vertex p_x="-25.993316" p_y="11.603364" />
			<Vertex p_x="-23.969089" p_y="11.603364" />
			<Vertex p_x="-23.969089" p_y="27.466429" />
		</Obstacle>
		<Obstacle closed="1" >
			<Vertex p_x="-22.915157" p_y="32.667564" />
			<Vertex p_x="-25.941126" p_y="32.667564" />
			<Vertex p_x="-25.941126" p_y="28.404006" />
			<Vertex p_x="-24.590543" p_y="28.404006" />
			<Vertex p_x="-22.915157" p_y="29.694356" />
		</Obstacle>
		<Obstacle closed="1" >
			<Vertex p_x="-17.017954" p_y="32.740062" />
			<Vertex p_x="-22.815842" p_y="32.740062" />
			<Vertex p_x="-22.815842" p_y="30.958925" />
			<Vertex p_x="-21.151003" p_y="30.958925" />
			<Vertex p_x="-19.942539" p_y="30.054637" />
			<Vertex p_x="-17.017954" p_y="29.933703" />
			<Vertex p_x="-2.923577" p_y="30.645869" />
			<Vertex p_x="-2.923577" p_y="32.740062" />
		</Obstacle>
		<Obstacle closed="1" >
			<Vertex p_x="-22.084383" p_y="22.231764" />
			<Vertex p_x="-22.084383" p_y="18.966590" />
			<Vertex p_x="-18.036066" p_y="18.966590" />
			<Vertex p_x="-18.036066" p_y="22.231764" />
		</Obstacle>
		<Obstacle closed="1" >
			<Vertex p_x="-14.954893" p_y="27.862437" />
			<Vertex p_x="-14.954893" p_y="24.803781" />
			<Vertex p_x="-11.853241" p_y="24.803781" />
			<Vertex p_x="-11.853241" p_y="27.862437" />
		</Obstacle>
		<Obstacle closed="1" >
			<Vertex p_x="-15.982826" p_y="22.673413" />
			<Vertex p_x="-17.251822" p_y="20.545879" />
			<Vertex p_x="-17.025394" p_y="20.079968" />
			<Vertex p_x="-15.275239" p_y="18.565676" />
			<Vertex p_x="-13.142393" p_y="18.631718" />
			<Vertex p_x="-11.750749" p_y="20.240354" />
			<Vertex p_x="-12.146997" p_y="22.376169" />
			<Vertex p_x="-14.000932" p_y="23.428172" />
		</Obstacle>
		<Obstacle closed="1" >
			<Vertex p_x="-9.068399" p_y="27.045343" />
			<Vertex p_x="-9.068399" p_y="24.285933" />
			<Vertex p_x="-7.942681" p_y="19.680621" />
			<Vertex p_x="-4.486056" p_y="19.680621" />
			<Vertex p_x="-2.953829" p_y="24.285933" />
			<Vertex p_x="-2.953829" p_y="27.045343" />
		</Obstacle>
		<Obstacle closed="1" >
			<Vertex p_x="-0.749674" p_y="27.292329" />
			<Vertex p_x="-0.749674" p_y="19.995724" />
			<Vertex p_x="4.491903" p_y="19.995724" />
			<Vertex p_x="4.491903" p_y="24.107009" />
			<Vertex p_x="2.684394" p_y="27.292329" />
		</Obstacle>
		<Obstacle closed="1" >
			<Vertex p_x="6.721423" p_y="32.775410" />
			<Vertex p_x="6.721423" p_y="30.043079" />
			<Vertex p_x="13.879534" p_y="30.043079" />
			<Vertex p_x="13.879534" p_y="32.775410" />
		</Obstacle>
		<Obstacle closed="1" >
			<Vertex p_x="7.159609" p_y="28.567169" />
			<Vertex p_x="7.159610" p_y="19.968750" />
			<Vertex p_x="11.875000" p_y="19.044609" />
			<Vertex p_x="13.267446" p_y="19.044609" />
			<Vertex p_x="13.267445" p_y="24.709493" />
			<Vertex p_x="10.429073" p_y="28.567169" />
		</Obstacle>
		<Obstacle closed="1" >
			<Vertex p_x="22.215055" p_y="19.995808" />
			<Vertex p_x="22.215055" p_y="15.979342" />
			<Vertex p_x="24.747530" p_y="15.979342" />
			<Vertex p_x="24.747530" p_y="19.995808" />
		</Obstacle>
		<Obstacle closed="1" >
			<Vertex p_x="24.045147" p_y="25.859131" />
			<Vertex p_x="24.045147" p_y="20.076947" />
			<Vertex p_x="25.258998" p_y="20.076947" />
			<Vertex p_x="25.258998" p_y="25.859131" />
		</Obstacle>
		<Obstacle closed="1" >
			<Vertex p_x="15.145025" p_y="25.009943" />
			<Vertex p_x="15.145025" p_y="21.093830" />
			<Vertex p_x="22.414627" p_y="21.093830" />
			<Vertex p_x="22.414627" p_y="25.009943" />
		</Obstacle>
		<Obstacle closed="1" >
			<Vertex p_x="16.544404" p_y="31.919235" />
			<Vertex p_x="14.339666" p_y="31.090414" />
			<Vertex p_x="13.932256" p_y="30.191680" />
			<Vertex p_x="15.145042" p_y="26.909489" />
			<Vertex p_x="22.486570" p_y="25.580980" />
			<Vertex p_x="23.520374" p_y="25.284220" />
			<Vertex p_x="24.110411" p_y="25.955694" />
			<Vertex p_x="22.309436" p_y="32.020008" />
		</Obstacle>
		<Obstacle closed="1" >
			<Vertex p_x="-22.417517" p_y="9.747161" />
			<Vertex p_x="-22.417517" p_y="9.349373" />
			<Vertex p_x="-22.019729" p_y="9.349373" />
			<Vertex p_x="-22.019729" p_y="9.747161" />
		</Obstacle>
		<Obstacle closed="1" >
			<Vertex p_x="-15.346105" p_y="-30.025435" />
			<Vertex p_x="-15.346105" p_y="-30.423223" />
			<Vertex p_x="-14.948317" p_y="-30.423223" />
			<Vertex p_x="-14.948317" p_y="-30.025435" />
		</Obstacle>
		<Obstacle closed="1" >
			<Vertex p_x="18.653019" p_y="16.480251" />
			<Vertex p_x="18.653730" p_y="16.724535" />
			<Vertex p_x="18.409450" p_y="16.725210" />
			<Vertex p_x="18.408737" p_y="16.480931" />
		</Obstacle>
		<Obstacle closed="1" >
			<Vertex p_x="15.443242" p_y="16.480590" />
			<Vertex p_x="15.700749" p_y="16.479916" />
			<Vertex p_x="15.701461" p_y="16.724194" />
			<Vertex p_x="15.443953" p_y="16.724871" />
		</Obstacle>
		<Obstacle closed="1" >
			<Vertex p_x="17.666812" p_y="19.248917" />
			<Vertex p_x="17.383058" p_y="19.051485" />
			<Vertex p_x="17.718753" p_y="18.569088" />
			<Vertex p_x="18.002469" p_y="18.766520" />
		</Obstacle>
		<Obstacle closed="1" >
			<Vertex p_x="15.951147" p_y="18.591423" />
			<Vertex p_x="15.605477" p_y="18.592422" />
			<Vertex p_x="15.602628" p_y="17.609101" />
			<Vertex p_x="15.948297" p_y="17.608101" />
		</Obstacle>
		<Obstacle closed="1" >
			<Vertex p_x="18.653019" p_y="19.518440" />
			<Vertex p_x="18.653730" p_y="19.762721" />
			<Vertex p_x="18.409450" p_y="19.763396" />
			<Vertex p_x="18.408737" p_y="19.519117" />
		</Obstacle>
		<Obstacle closed="1" >
			<Vertex p_x="15.443242" p_y="19.519453" />
			<Vertex p_x="15.700749" p_y="19.518778" />
			<Vertex p_x="15.701461" p_y="19.763057" />
			<Vertex p_x="15.443953" p_y="19.763734" />
		</Obstacle>
		<Obstacle closed="1" >
			<Vertex p_x="-20.021673" p_y="28.573227" />
			<Vertex p_x="-20.145247" p_y="28.362508" />
			<Vertex p_x="-19.934513" p_y="28.238962" />
			<Vertex p_x="-19.810935" p_y="28.449678" />
		</Obstacle>
		<Obstacle closed="1" >
			<Vertex p_x="-17.248348" p_y="26.957261" />
			<Vertex p_x="-17.470514" p_y="27.087464" />
			<Vertex p_x="-17.594091" p_y="26.876748" />
			<Vertex p_x="-17.371925" p_y="26.746543" />
		</Obstacle>
		<Obstacle closed="1" >
			<Vertex p_x="-20.563149" p_y="25.684471" />
			<Vertex p_x="-20.218582" p_y="25.712238" />
			<Vertex p_x="-20.265829" p_y="26.298041" />
			<Vertex p_x="-20.610364" p_y="26.270256" />
		</Obstacle>
		<Obstacle closed="1" >
			<Vertex p_x="-18.749727" p_y="25.388999" />
			<Vertex p_x="-18.451544" p_y="25.214141" />
			<Vertex p_x="-17.954117" p_y="26.062372" />
			<Vertex p_x="-18.252300" p_y="26.237230" />
		</Obstacle>
		<Obstacle closed="1" >
			<Vertex p_x="-21.550973" p_y="25.948000" />
			<Vertex p_x="-21.674547" p_y="25.737281" />
			<Vertex p_x="-21.463811" p_y="25.613737" />
			<Vertex p_x="-21.340237" p_y="25.824451" />
		</Obstacle>
		<Obstacle closed="1" >
			<Vertex p_x="-18.777989" p_y="24.331451" />
			<Vertex p_x="-19.000157" p_y="24.461653" />
			<Vertex p_x="-19.123732" p_y="24.250936" />
			<Vertex p_x="-18.901566" p_y="24.120731" />
		</Obstacle>
		<Obstacle closed="1" >
			<Vertex p_x="-4.436561" p_y="-6.498882" />
			<Vertex p_x="-4.662441" p_y="-6.591906" />
			<Vertex p_x="-4.569384" p_y="-6.817768" />
			<Vertex p_x="-4.343509" p_y="-6.724748" />
		</Obstacle>
		<Obstacle closed="1" >
			<Vertex p_x="-3.205947" p_y="-9.463381" />
			<Vertex p_x="-3.304075" p_y="-9.225304" />
			<Vertex p_x="-3.529951" p_y="-9.318325" />
			<Vertex p_x="-3.431824" p_y="-9.556405" />
		</Obstacle>
		<Obstacle closed="1" >
			<Vertex p_x="-6.615342" p_y="-8.471450" />
			<Vertex p_x="-6.324185" p_y="-8.657797" />
			<Vertex p_x="-6.007408" p_y="-8.162772" />
			<Vertex p_x="-6.298551" p_y="-7.976461" />
		</Obstacle>
		<Obstacle closed="1" >
			<Vertex p_x="-5.350171" p_y="-9.803797" />
			<Vertex p_x="-5.218533" p_y="-10.123422" />
			<Vertex p_x="-4.309297" p_y="-9.748957" />
			<Vertex p_x="-4.440938" p_y="-9.429334" />
		</Obstacle>
		<Obstacle closed="1" >
			<Vertex p_x="-7.242459" p_y="-7.664006" />
			<Vertex p_x="-7.468337" p_y="-7.757029" />
			<Vertex p_x="-7.375282" p_y="-7.982891" />
			<Vertex p_x="-7.149404" p_y="-7.889871" />
		</Obstacle>
		<Obstacle closed="1" >
			<Vertex p_x="-6.012469" p_y="-10.628764" />
			<Vertex p_x="-6.110600" p_y="-10.390687" />
			<Vertex p_x="-6.336473" p_y="-10.483707" />
			<Vertex p_x="-6.238347" p_y="-10.721787" />
		</Obstacle>
		<Obstacle closed="1" >
			<Vertex p_x="6.179876" p_y="-10.763533" />
			<Vertex p_x="6.179164" p_y="-11.007817" />
			<Vertex p_x="6.423445" p_y="-11.008491" />
			<Vertex p_x="6.424157" p_y="-10.764212" />
		</Obstacle>
		<Obstacle closed="1" >
			<Vertex p_x="9.389653" p_y="-10.763872" />
			<Vertex p_x="9.132146" p_y="-10.763197" />
			<Vertex p_x="9.131434" p_y="-11.007476" />
			<Vertex p_x="9.388941" p_y="-11.008153" />
		</Obstacle>
		<Obstacle closed="1" >
			<Vertex p_x="7.166083" p_y="-13.532200" />
			<Vertex p_x="7.449837" p_y="-13.334768" />
			<Vertex p_x="7.114142" p_y="-12.852371" />
			<Vertex p_x="6.830425" p_y="-13.049803" />
		</Obstacle>
		<Obstacle closed="1" >
			<Vertex p_x="8.881747" p_y="-12.874706" />
			<Vertex p_x="9.227417" p_y="-12.875705" />
			<Vertex p_x="9.230267" p_y="-11.892383" />
			<Vertex p_x="8.884598" p_y="-11.891384" />
		</Obstacle>
		<Obstacle closed="1" >
			<Vertex p_x="6.179876" p_y="-13.801723" />
			<Vertex p_x="6.179164" p_y="-14.046004" />
			<Vertex p_x="6.423445" p_y="-14.046679" />
			<Vertex p_x="6.424157" p_y="-13.802399" />
		</Obstacle>
		<Obstacle closed="1" >
			<Vertex p_x="9.389653" p_y="-13.802736" />
			<Vertex p_x="9.132146" p_y="-13.802061" />
			<Vertex p_x="9.131434" p_y="-14.046340" />
			<Vertex p_x="9.388941" p_y="-14.047017" />
		</Obstacle>
		<Obstacle closed="1" >
			<Vertex p_x="-19.381471" p_y="-18.259232" />
			<Vertex p_x="-19.382182" p_y="-18.503516" />
			<Vertex p_x="-19.137902" p_y="-18.504191" />
			<Vertex p_x="-19.137189" p_y="-18.259911" />
		</Obstacle>
		<Obstacle closed="1" >
			<Vertex p_x="-16.171694" p_y="-18.259571" />
			<Vertex p_x="-16.429201" p_y="-18.258896" />
			<Vertex p_x="-16.429913" p_y="-18.503175" />
			<Vertex p_x="-16.172406" p_y="-18.503852" />
		</Obstacle>
		<Obstacle closed="1" >
			<Vertex p_x="-18.395264" p_y="-21.027899" />
			<Vertex p_x="-18.111510" p_y="-20.830467" />
			<Vertex p_x="-18.447205" p_y="-20.348069" />
			<Vertex p_x="-18.730922" p_y="-20.545502" />
		</Obstacle>
		<Obstacle closed="1" >
			<Vertex p_x="-16.679599" p_y="-20.370405" />
			<Vertex p_x="-16.333929" p_y="-20.371404" />
			<Vertex p_x="-16.331080" p_y="-19.388081" />
			<Vertex p_x="-16.676749" p_y="-19.387082" />
		</Obstacle>
		<Obstacle closed="1" >
			<Vertex p_x="-19.381471" p_y="-21.297421" />
			<Vertex p_x="-19.382182" p_y="-21.541702" />
			<Vertex p_x="-19.137902" p_y="-21.542378" />
			<Vertex p_x="-19.137189" p_y="-21.298099" />
		</Obstacle>
		<Obstacle closed="1" >
			<Vertex p_x="-16.171694" p_y="-21.298435" />
			<Vertex p_x="-16.429201" p_y="-21.297760" />
			<Vertex p_x="-16.429913" p_y="-21.542039" />
			<Vertex p_x="-16.172406" p_y="-21.542716" />
		</Obstacle>
		<Obstacle closed="1" >
			<Vertex p_x="22.041396" p_y="-30.913651" />
			<Vertex p_x="22.060241" p_y="-32.741648" />
			<Vertex p_x="23.096735" p_y="-32.609731" />
			<Vertex p_x="25.339329" p_y="-30.084456" />
			<Vertex p_x="25.358175" p_y="-25.693494" />
			<Vertex p_x="24.849351" p_y="-24.770072" />
			<Vertex p_x="24.415908" p_y="-24.751227" />
			<Vertex p_x="23.059044" p_y="-25.693494" />
			<Vertex p_x="22.983663" p_y="-30.555589" />
		</Obstacle>
	</ObstacleSet>
</Experiment>